檔名,中文,客語漢字,客語拼音,標籤,備註
DM203J2056_001.wav,端午節要吃粽子,五月節愛食粽,ng31 ngied54 zied21 oi33 shid54 zung53,,(
DM203J2056_002.wav,感冒要戴口罩,寒著愛戴嘴揞,hon113 do31 oi33 dai53 zhoi53 em33,,
DM203J2056_003.wav,你哪裡不舒服,你哪位毋鬆爽,hn113 ne53 vui53 m113 sung33 song31,,
DM203J2056_004.wav,你的手機幾號,若手機幾多號,ngia33 shiu31 gi33 gid21 do33 ho53,,
DM203J2056_005.wav,你的功課作好了沒,若功課做好吂,ngia33 gung33 ko53 zo53 ho31 mang113,,
DM203J2056_006.wav,我會小心一點,𠊎會細義兜,ngai113 voi33 se53 ngi53 deu35,,
DM203J2056_007.wav,很高興認識你,當歡喜認識你,dong33 fan33 hi31 ngin53 shid21 hn113,,
DM203J2056_008.wav,實在很難相信,實在還難相信,shid54 cai53 han113 nan113 siong33 sin53,,
DM203J2056_009.wav,這個想法很好,這個想法已好,lia31 gai53 siong31 fab21 i53 ho31,,
DM203J2056_010.wav,謝謝你的照顧,勞瀝若个照顧,lo113 lad54 ngia33 gai33 zheu53 gu53,,
DM203J2056_011.wav,可以嗎不可以,使得無使毋得,sii31 ded21 mo113 sii31 m113 ded21,,
DM203J2056_012.wav,你會不會沒問題,你曉無無問題,hn113 hiau31 mo113 mo113 mun53 ti113,,
DM203J2056_013.wav,我很愛吃青菜,𠊎已好食青菜,ngai113 i53 hau53 shid54 ciang33 coi53,,
DM203J2056_014.wav,我想學做麵包,𠊎想學做麵包,ngai113 siong31 hog54 zo53 mien53 bau33,,
DM203J2056_015.wav,你要喝什麼飲料,你愛食麼个飲料,hn113 oi33 shid54 ma31 gai33 rhim31 liau53,,
DM203J2056_016.wav,叔叔不習慣穿西裝,阿叔毋慣著西裝,a33 shug21 m113 guan53 zhog21 si33 zong33,,
DM203J2056_017.wav,這皮包是誰的,這皮包係麼人个,lia31 pi113 bau35 he53 ma31 ngin113 gai33,,
DM203J2056_018.wav,這雙鞋不太合腳,這雙鞋無幾合腳,lia31 sung33 he113 mo113 gid21 hab54 giog21,,
DM203J2056_019.wav,台灣不時有地震,臺灣不時有地動,toi113 van113 bud21 shi113 rhiu33 ti53 tung33,,
DM203J2056_020.wav,這裡的民宿很漂亮,這位个民宿當靚,lia31 vui53 gai33 min113 siug21 dong33 ziang33,,
DM203J2056_021.wav,這裡禁止吸菸,這位使毋得食菸,lia31 vui53 sii31 m113 ded21 shid54 rhen33,,
DM203J2056_022.wav,上課不要打瞌睡,上課毋好啄目睡,shong53 ko53 m113 ho31 dug21 mug21 shoi53,,
DM203J2056_023.wav,今天天氣很好,今晡日天時已好,gim33 bi33 ngid21 tien33 shi113 i53 ho31,,
DM203J2056_024.wav,昨天忙了整天,昨晡日無閒歸日,ca113 bi33 ngid21 mo113 han113 gui33 ngid21,,
DM203J2056_025.wav,天氣變得很涼爽,天時變到已涼爽,tien33 shi113 bien53 do53 i53 liong113 song31,,
DM203J2056_026.wav,明天早上再聯絡,天光朝晨正聯絡,tien33 gong33 zheu33 shun113 zhang33 lien113 log54,,
DM203J2056_027.wav,妹妹背書包去上學,老妹揹書包去學校,lo31 moi53 ba113 shu33 bau35 ki53 hog54 gau31,,
DM203J2056_028.wav,妹妹很喜歡吃蘿蔔糕,阿妹當好食菜頭粄,a33 moi53 dong33 hau53 shid54 coi53 teu113 ban31,,
DM203J2056_029.wav,爸爸要去申請護照,阿爸愛去申請護照,a33 ba33 oi33 ki53 shin33 ciang31 fu53 zheu53,,
DM203J2056_030.wav,慢慢走不用急,定定行毋使趕緊,tin53 tin53 hang113 m113 sii31 guan31 gin31,,
DM203J2056_031.wav,冬天北部經常下雨,寒天北部長在落雨,hon113 tien33 bed21 pu53 chong113 cai53 log54 rhi31,,
DM203J2056_032.wav,別為了這個喪氣,毋好為著這來失志,m113 ho31 vui53 do31 lia31 loi113 shid21 zhi53,,
DM203J2056_033.wav,是誰打來的電話,係麼人打來个電話,he53 me31 ngin113 da31 loi113 gai33 tien53 fa53,,
DM203J2056_034.wav,垃圾要做資源回收,垃圾愛做資源回收,la31 sab21 oi33 zo53 zii33 ngien113 fui113 shiu33,,
DM203J2056_035.wav,請問需要什麼服務,請問需要麼个服務,ciang31 mun53 si33 rheu53 ma31 gai33 fug54 mu53,,
DM203J2056_036.wav,恭喜發財新年快樂,恭喜發財新年快樂,giung33 hi31 fad21 cai113 sin33 ngien113 kuai53 log54,,
DM203J2056_037.wav,我愛你他生氣了,𠊎愛你佢起譴咧,ngai113 oi53 hn113 gi113 ki31 kien31 le33,,
DM203J2056_038.wav,今天的菜口味如何,今晡日个菜口味仰脣,gim33 bi33 ngid21 gai33 coi53 kieu31 mui53 ngiong31 shun113,,
DM203J2056_039.wav,請不要在車裡吃東西,請毋好在車肚食東西,ciang31 m113 ho31 to33 cha35 du31 shid54 dung33 si33,,
DM203J2056_040.wav,學生要穿制服去學校,學生愛著制服去學校,hog54 sang33 oi33 zhog21 zhi53 fug54 ki53 hog54 gau31,,
DM203J2056_041.wav,伯伯住的樓房有電梯,阿伯戴个樓屋有電梯,a33 bag21 dai53 gai33 leu113 vug21 rhiu33 tien53 toi33,,
DM203J2056_042.wav,我走路去郵局寄信,𠊎行路去郵局寄信,ngai113 hang113 lu53 ki53 rhiu113 kiug54 gi53 sin53,,
DM203J2056_043.wav,我在十字路口等你,𠊎在十字路口等你,ngai113 to33 shib54 sii53 lu53 kieu31 den31 hn113,,
DM203J2056_044.wav,他這次用信用卡付款,佢這擺用信用卡付款,gi113 lia31 bai31 rhung53 sin53 rhung53 ka31 fu53 kuan31,,
DM203J2056_045.wav,弟弟通過認證考試了,老弟通過認證考試了,lo31 te33 tung33 go53 ngin53 zhin53 kau31 shi53 le33,,
DM203J2056_046.wav,在網路上買東西很方便,在網路買東西當利便,to33 miong31 lu53 mai33 dung33 si33 dong33 li53 pien53,,
DM203J2056_047.wav,新的工作你做得習慣嗎,新个頭路你做得慣無,sin33 gai33 teu113 lu53 hn113 zo53 ded21 guan53 mo113,,
DM203J2056_048.wav,今天放假不必上學,今晡放尞毋使去學校,gim33 bi35 biong53 liau53 m113 sii31 ki53 hog54 gau31,,
DM203J2056_049.wav,休息一下好久不見,歇睏一下恁久無看着,hied21 kun53 rhid21 ha53 an31 giu31 mo113 kon53 do31,,
DM203J2056_050.wav,謝謝你不客氣對不起,勞瀝毋使細義失禮,lo113 lad54 m113 sii31 se53 ngi53 shid21 li33,,
DM203J2056_051.wav,不好意思沒關係拜託你,敗勢無關係拜託你,pai33 she53 mo113 guan33 he53 bai53 tog21 hn113,,
DM203J2056_052.wav,你認識他嗎我不認識他,你識佢無𠊎毋識佢,hn113 shid21 gi113 mo113 ngai113 m113 shid21 gi113,,
DM203J2056_053.wav,我好累我好高興,𠊎當𤸁𠊎當暢,ngai113 dong33 kioi53 ngai113 dong33 tiong53,,
DM203J2056_054.wav,爸爸每天早上都要喝咖啡,阿爸逐朝晨都愛食咖啡,a33 ba33 dag21 zheu33 shun113 do33 oi33 shid54 ga33 bi33,,
DM203J2056_055.wav,他穿新褲子去外婆家,佢著新褲去外阿婆屋家,gi113 zhog21 sin33 ku53 ki53 nguai53 a33 po113 vug21 ka33,,
DM203J2056_056.wav,請問這件衣服是什麼尺寸,請問這領衫係麼个尺寸,ciang31 mun53 lia31 liang33 sam33 he53 ma31 gai33 chag21 cun53,,
DM203J2056_057.wav,這麼吵你怎麼受得了,恁吵鬧你仰脣佇得著,an31 cau113 nau53 hn113 ngiong31 shun113 du53 ded21 diau113,,
DM203J2056_058.wav,他們每天晚上都要去補習,厥等逐暗晡都愛去補習,gia33 nen35 dag21 am53 bu33 do33 oi33 ki53 bu31 sib54,,
DM203J2056_059.wav,夏天大家比較喜歡去海邊玩,熱天大家較好去海脣尞,ngied54 tien33 tai53 ga33 ka33 hau53 ki53 hoi31 shun113 liau53,,
DM203J2056_060.wav,生病要快點去看醫生,有病愛遽遽去分先生看,rhiu33 piang53 oi33 giag21 giag21 ki53 bun33 sin33 sen33 kon53,,
DM203J2056_061.wav,今天的報紙你看了嗎,今晡日个報紙你有看吂,gim33 bi33 ngid21 gai33 bo53 zhi31 hn113 rhiu33 kon53 mang113,,
DM203J2056_062.wav,我昨晚失眠睡不著,𠊎昨暗晡反躁睡毋得,ngai113 ca113 am53 bu33 fan31 cau53 shoi53 m113 ded21,,
DM203J2056_063.wav,表哥每天都很認真工作,表哥逐日都當認真做事,biau31 go33 dag21 ngid21 do33 dong33 ngin53 zhin33 zo53 she53,,
DM203J2056_064.wav,晚上開車要比較小心一點,暗晡頭駛車愛較注意兜,am53 bu33 teu113 sii31 cha33 oi33 ka33 zhu53 rhi53 deu35,,
DM203J2056_065.wav,請問可以找誰幫忙,請問使得尋麼人𢯭手,ciang31 mun53 sii31 ded21 cim113 ma31 ngin113 ten53 shiu31,,
DM203J2056_066.wav,你會了嗎讓我想一下,你曉得吂分𠊎想一下,hn113 hiau31 ded21 mang113 bun33 ngai113 siong31 rhid21 ha53,,
DM203J2056_067.wav,你住哪裡有人在家嗎,你戴哪位有人在屋家無,hn113 dai53 ne53 vui53 rhiu33 ngin113 to33 vug21 ka33 mo113,,
DM203J2056_068.wav,我回來了你要去哪裡,𠊎轉來咧你愛去哪位,ngai113 zhon31 loi113 le33 hn113 oi33 ki53 ne53 vui53,,
DM203J2056_069.wav,早安吃飽飯了嗎最近好嗎,恁早食飽吂恁久好無,an31 zo31 shid54 bau31 mang113 an31 giu31 ho31 mo113,,
DM203J2056_070.wav,好可愛喔好討厭喔,還得人惜喔還得人惱喔,han113 ded21 ngin113 siag21 o33 han113 ded21 ngin113 nau33 o33,,
DM203J2056_071.wav,你好棒啊哪裡哪裡,你還慶喔哪有無影啦,hn113 han113 kiang53 o33 ne53 rhiu33 mo113 rhang31 la31,,
DM203J2056_072.wav,我們經常一起團購美食,吾等輒輒共下鬥緊買美食,nga33 nen35 ziab54 ziab54 kiung53 ha53 deu53 gin31 mai33 mui33 shid54,,
DM203J2056_073.wav,發霉的東西就不能吃了,生菇个東西斯使毋得食欸,sang33 gu33 gai33 dung33 si33 sii33 sii31 m113 ded21 shid54 e31,,
DM203J2056_074.wav,明天可以在家打電動,天光日使得在屋家打電動,tien33 gong33 ngid21 sii31 ded21 to33 vug21 ka33 da31 tien53 tung53,,
DM203J2056_075.wav,一起去公園運動,共下來*去公園運動啊了,kiung53 ha53 loi113 *ki53 li113 gung33 rhen113 rhun53 tung53 a33 le113,,
DM203J2056_076.wav,這條路比較進那條路比較遠,這條路較近該條路較遠,lia31 tiau113 lu53 ka33 kiun33 gai53 tiau113 lu53 ka33 rhen31,,
DM203J2056_077.wav,喝酒不開車開車不喝酒,食酒莫駛車駛車莫食酒,shid54 ziu31 mog54 sii31 cha33 sii31 cha33 mog54 shid54 ziu31,,
DM203J2056_078.wav,我忙得不可開交,𠊎無閒去會轉鉸毋得了,ngai113 mo113 han113 ki53 voi33 zhon31 gau53 m113 ded21 le33,,
DM203J2056_079.wav,爸爸不在家媽媽還沒回家,阿爸無在屋家阿姆還吂轉,a33 ba33 mo113 to33 vug21 ka33 a33 me33 han113 mang113 zhon31,,
DM203J2056_080.wav,再見慢走有空來玩,正來尞順行有閒正來尞,zhang33 loi113 liau53 shun53 hang113 rhiu33 han113 zhang33 loi113 liau53,,
DM203J2056_081.wav,她丈夫很英俊你太太很漂亮,厥老公當派頭若餔娘當靚,gia33 lo31 gung33 dong33 pai53 tau113 ngia33 bu33 ngiong113 dong33 ziang33,,
DM203J2056_082.wav,天氣多變要穿暖一點,天時多變化愛著較燒暖兜,tien33 shi113 do33 bien53 fa53 oi33 zhog21 ka33 sheu33 non33 deu33,,
DM203J2056_083.wav,便利商店可以買到很多東西,便利商店使得買著當多東西,pien53 li53 shong33 diam53 sii31 ded21 mai33 do31 dong33 do33 dung33 si33,,
DM203J2056_084.wav,下次再約時間一起閒聊,下次擺過再約時間共下坐尞,ha53 ci53 bai31 go53 zai53 rhog21 shi113 gien33 kiung53 ha53 co33 liau53,,
DM203J2056_085.wav,中午很熱不可以出去運動,當晝頭當熱毋好出去運動,dong33 zhiu53 teu113 dong33 ngied54 m113 ho31 chud21 ki53 rhun53 tung53,,
DM203J2056_086.wav,我正在講電話請等一下,𠊎當講緊電話請等一下,ngai113 dong33 gong31 gin31 tien53 fa53 ciang31 den31 rhid21 ha53,,
DM203J2056_087.wav,我準備好了可以開始了,𠊎準備好了使得開始了,ngai113 zhun31 pi53 ho31 le33 sii31 ded21 koi33 chi31 le33,,
DM203J2056_088.wav,這件事情被你講得這麼輕鬆,這件事情分你講到恁輕可,lia31 kien53 sii53 cin113 bun33 hn113 gong31 do53 an31 kiang33 ko31,,
DM203J2056_089.wav,抱歉打擾了你要趕時間嗎,敗勢勞攪了你愛赴時間無,pai33 she53 lo113 gau31 le33 hn113 oi33 fu53 shi113 gien33 mo113,,
DM203J2056_090.wav,有什麼問題嗎你想得真周到,有麼个問題無你想去真周到,rhiu33 ma31 gai33 mun53 ti113 mo113 hn113 siong31 ki53 zhin33 zhiu33 do53,,
DM203J2056_091.wav,最近忙什麼他要照顧他媽媽,這站無閒麼个佢愛照顧厥姆,lia31 zam53 mo113 han113 ma31 gai33 gi113 oi33 zheu53 gu53 gia33 me33,,
DM203J2056_092.wav,客家人用福菜當伴手禮相當受歡迎,客人用覆菜做等路已受歡迎,kag21 ngin113 rhung53 pug21 coi53 zo53 den31 lu53 i53 shiu53 fan33 ngiang113,,
DM203J2056_093.wav,爺爺有糖尿病不能吃太甜,阿爹有糖尿病使毋得食忒甜,a33 da33 rhiu33 tong113 ngiau53 piang53 sii31 m113 ded21 shid54 ted21 tiam113,,
DM203J2056_094.wav,把燈關掉麻煩你開燈好嗎,電火關撇佢麻煩你開電火好無,tien53 fo31 guan33 ped21 gi113 ma113 fan113 hn113 koi33 tien53 fo31 ho31 mo113,,
DM203J2056_095.wav,快點快來不及了開車要小心,遽兜會赴毋着咧駛車愛細義,giag21 deu35 voi33 fu53 m113 do31 le33 sii31 cha35 oi33 se53 ngi53,,
DM203J2056_096.wav,請問貴姓我姓黃名叫大民,請問上姓𠊎姓黃安做大民,ciang31 mun53 shong53 siang53 ngai113 siang53 vong113 on33 zo53 tai53 min113,,
DM203J2056_097.wav,生日快樂身體健康萬事如意,生日快樂身體康健萬事如意,sang33 ngid21 kuai53 log54 shin33 ti31 kong33 kien53 van53 sii53 rhi113 rhi53,,
DM203J2056_098.wav,客家文化園區經常舉辦展覽活動,客家文化園區輒輒舉辦展覽活動,kag21 ga33 vun113 fa53 rhen113 ki33 ziab54 ziab54 gi31 pan53 zhen31 lam31 fad54 tung53,,
DM203J2056_099.wav,你今天穿得好漂亮要去喝喜酒是嗎,你今晡著都恁派頭愛去食酒係無,hn113 gim33 bi35 zhog21 do33 an31 pai53 teu113 oi33 ki33 shid54 ziu31 he53 mo113,,
DM203J2056_100.wav,你遲到了請稍等我馬上過來,你慢到咧請等一下𠊎黏時來,hn113 man53 do53 le33 ciang31 den31 rhid21 ha53 ngai113 ngiam113 shi113 loi113,,
DM203J2056_101.wav,我要睡午覺很晚了可以上床睡覺了,𠊎愛睡當晝恁夜咧好去睡目咧,ngai113 oi33 shoi53 dong33 zhiu53 an31 rha53 le33 ho31 ki33 shoi53 mug21 le33,,
DM203J2056_102.wav,祖父在房間裡休息弟弟在客廳看電視,阿爹在間肚歇睏老弟在廳下看電視,a33 da33 to33 gien33 du31 hied21 kun53 lo31 te33 to33 ten33 ha33 kon53 tien53 shi53,,
DM203J2056_103.wav,媽媽在廚房煮飯我每天早上掃地,阿姆在灶下煮飯𠊎逐朝晨掃地泥,a33 me33 to33 zo53 ha33 zhu31 pon53 ngai113 dag21 zheu33 shun113 so53 ti53 ne113,,
DM203J2056_104.wav,有客人在不可以打赤膊進入室內請脫鞋,有人客來毋好打赤膊入屋請脫鞋,rhiu33 ngin113 kag21 loi113 m113 ho31 da31 chag21 bog21 ngib54 vug21 ciang31 tod21 he113,,
DM203J2056_105.wav,搭火車要先買票請問高鐵車站怎麼走,坐火車愛先買票請問高鐵車頭仰脣行,co33 fo31 cha33 oi33 sen33 mai33 piau53 ciang31 mun53 go33 tied21 cha33 teu113 ngiong31 shun113 hang113,,
DM203J2056_106.wav,我尿急想要小便妹妹在浴室洗澡,𠊎尿出想愛屙尿老妹在洗身間洗身,ngai113 ngiau53 chud21 siong31 oi33 o33 ngiau53 lo31 moi53 to33 se31 shin33 gien33 se31 shin33,,
DM203J2056_107.wav,叫計程車不必煩惱停車問題搭飛機比較快,喊計程車毋使愁停車問題坐飛行機較遽,hem33 gie53 chang113 cha33 m113 sii31 seu113 tin113 cha33 mun53 ti113 co33 fui33 hang113 gi33 ka33 giag21,,
DM203J2056_108.wav,我每天騎腳踏車上班騎機車要戴安全帽,𠊎逐日騎鐵馬上班騎機車愛戴安全帽,"ngai113 dag21 ngid21 ki113 tied21 ma35 shong53 ban33 ki113 o33 do53 bai53 oi33 dai53 
 on33 cion113 mo53",,
DM203J2056_109.wav,老人搭公車免費搭捷運不可以吃東西,老人家坐巴士毋使錢坐捷運做毋得食東西,lo31 ngin113 ga33 co33 ba33 sii31 m113 sii31 cien113 co33 ciab54 rhun53 sii31 m113 ded21 shid54 dung33 si33,,
DM203J2056_110.wav,冬天穿毛衣很暖和夏天很熱穿短袖就可以了,寒天著膨線衫當燒暖熱天當熱著短袖斯使得咧,hon113 tien33 zhog21 pong53 sien53 sam33 dong33 sheu33 non33 ngied54 tien33 dong33 ngied54 zhog21 don31 ciu53 sii33 sii31 ded21 le33,,
DM203J2056_111.wav,前面向右轉就到宜蘭縣政府了,頭前斡正手片斯到宜蘭縣政府咧,teu113 cien113 vad21 zhin53 shiu31 pien31 sii33 do53 ngi113 lan113 rhen53 zhin53 fu31 le33,,
DM203J2056_112.wav,他住哪裡他住屏東縣,佢戴哪位佢戴屏東縣,gi113 dai53 ne53 vui53 gi113 dai53 pin113 dung33 rhen53,,
DM203J2056_113.wav,會議地點在哪裡會議地點在新北市石碇區,會議地點在哪位會議地點在新北市石碇區,fui53 ngi53 ti53 diam31 to33 ne53 vui53 fui53 ngi53 ti53 diam31 to33 sin33 bed21 shi53 shag54 din53 ki33,,碇讀為din53沒錯
DM203J2056_114.wav,這張照片是什麼地方這是新北市雙溪區,這張相片係麼个所在這係新北市雙溪區,lia31 zhong33 siong53 pien31 he53 ma31 gai33 so31 cai53 lia31 he53 sin33 bed21 shi53 sung33 kie33 ki33,,
DM203J2056_115.wav,請問連江縣南竿鄉公所在幾樓在一樓,請問連江縣南竿鄉公所在幾多樓在一樓,ciang31 mun53 lien113 gong33 rhen53 nam113 gon33 hiong33 gung33 so31 to33 gid21 do33 leu113 to33 rhid21 leu113,,
DM203J2056_116.wav,我要回苗栗火車停在第八月台要快點去才不會趕不上,𠊎愛轉苗栗火車停在第八月台愛遽遽去正毋會赴毋着,ngai113 oi53 zhon31 miau113 lid54 fo31 cha33 tin113 to33 ti53 bad21 ngied54 toi113 oi33 giag21 giag21 ki53 zhang33 m113 voi33 fu53 m113 do31,,
DM203J2056_117.wav,哥哥後天要坐六點的火車去羅東出差,阿哥後日愛坐六點个火車去羅東出差,a33 go33 heu33 ngid21 oi33 co33 liug21 diam31 gai33 fo31 cha33 ki33 lo113 dung33 chud21 cai33,,發音者heu33後發錯音
DM203J2056_118.wav,明天我要坐首班車去潮州車到站了趕快下車,天光𠊎愛坐頭枋車去潮州車到站咧遽遽落車,tien33 gong35 ngai113 oi33 co33 teu113 biong33 cha33 ki33 cheu113 zhiu33 cha33 do53 zam53 le33 giag21 giag21 log54 cha33,,
DM203J2056_119.wav,請問南港火車站怎麼去我帶你去火車站好多人喔,請問南港火車頭仰脣去𠊎帶你去火車頭還多人哦,ciang31 mun53 nam113 gong31 fo31 cha33 teu113 ngiong31 shun113 ki53 ngai113 dai53 hn113 ki53 fo31 cha33 teu113 han113 do33 ngin113 o31,,
DM203J2056_120.wav,接駁車會從本院開到羅東火車站在本院大門口乘車,接送車會對本院駛到羅東火車頭在本院大門口坐車,ziab21 sung53 cha33 voi33 dui53 bun31 rhen53 sii31 do53 lo113 dung33 fo31 cha33 teu113 to33 bun31 rhen53 tai53 mun113 kieu31 co33 cha33,,
DM203J2056_121.wav,請問你從哪裡來我從雲林來,請問你對哪位來𠊎對雲林來,ciang31 mun53 hn113 dui53 ne53 vui53 loi113 ngai113 dui53 rhun113 lim113 loi113,,
DM203J2056_122.wav,我爸準備去要高雄出差一個半月,吾爸準備愛去高雄出差個半月,nga33 ba33 zhun31 pi53 oi33 ki33 go33 hiung113 chud21 cai33 gai53 ban53 ngied54,,
DM203J2056_123.wav,他一個人去南投打拚他媽媽很擔心,佢一個人去南投打拚厥姆當愁,gi113 rhid21 gai53 ngin113 ki33 nam113 teu113 da31 biang53 gia33 me33 dong33 seu113,,
DM203J2056_124.wav,請問你有來過彰化嗎,請問你識來過彰化無,ciang31 mun53 hn113 shid21 loi113 go53 zhong33 fa53 mo113,,
DM203J2056_125.wav,請問我要去苗栗該怎麼轉車,請問𠊎愛去苗栗愛仰脣盤車,ciang31 mun53 ngai113 oi33 ki33 miau113 lid54 oi33 ngiong31 shun113 pan113 cha33,,
DM203J2056_126.wav,請問到金門要開多久要開八小時,請問到金門愛駛幾久愛駛八點鐘久,ciang31 mun53 do53 gim33 mun113 oi33 sii31 gid21 giu31 oi33 sii31 bad21 diam31 zhung33 giu31,,
DM203J2056_127.wav,到臺東大約還有幾公里還有九公里,到臺東大約還有幾多公里還有九公里,do53 toi113 dung33 tai53 rhog21 han113 rhiu33 gid21 do33 gung33 li33 han113 rhiu33 giu31 gung33 li33,,
DM203J2056_128.wav,阿松哥八月十二日要娶妻,阿松哥八月十二愛討餔娘,a33 ciung113 go33 bad21 ngied54 shib54 ngi53 oi33 to31 bu33 ngiong113,,
DM203J2056_129.wav,一月二十九日學校放假那天去看電影好嗎,一月二十九學校放尞該日來去看電影好無,rhid21 ngied54 ngi53 shib54 giu31 hog54 gau31 biong53 liau53 gai53 ngid21 loi113 ki53 kon53 tien53 rhang31 ho31 mo113,,
DM203J2056_130.wav,根據政府的公告十一月十九日放假不過前一個週六要上班,根據政府个公告十一月十九放尞毋過前一個禮拜六愛上班,gin33 ki31 zhin53 fu31 gai33 gung33 go53 shib54 rhid21 ngied54 shib54 giu31 biong53 liau53 m113 go53 cien113 rhid21 gai53 li33 bai53 liug21 oi33 shong53 ban33,,
DM203J2056_131.wav,王先生你掛的是三月三日上午的門診,王先生你掛个係三月初三朝脣个門診,vong113 sin33 sen33 hn113 gua53 gai33 he53 sam33 ngied54 cu33 sam33 zheu33 shun113 gai33 mun113 zhin31,,
DM203J2056_132.wav,報名從六月二日開始到七月五日為止,報名對六月初二起勢到七月初五為止,bo53 miang113 dui53 liug21 ngied54 cu33 ngi53 ki31 shi53 do53 cid21 ngied54 cu33 ng31 vui113 zhi31,,
DM203J2056_133.wav,客語認證的認證日是十月二十日,客語認證个認證日係十月二十,kag21 ngi33 ngin53 zhin53 gai33 ngin53 zhin53 ngid21 he53 shib54 ngied54 ngi53 shib54,,
DM203J2056_135.wav,今年客家桐花祭從四月十日開始到五月二十四日為止,今年客家桐花祭對四月初十開始到五月二十四為止,gim33 ngien113 kag21 ga33 tung113 fa33 zi53 dui53 si53 ngied54 cu33 shib54 koi33 chi31 do53 ng31 ngied54 ngi53 shib54 si53 vui113 zhi31,,
DM203J2056_136.wav,今天是星期幾今天是星期四店裡有買一送一的活動,今晡係拜幾今晡係拜四店項有買一送一个活動,gim33 bi35 he33 bai53 gi31 gim33 bi35 he33 bai53 si53 diam53 hong33 rhiu33 mai33 rhid21 sung53 rhid21 gai33 fad54 tung53,,
DM203J2056_137.wav,你幫我看一下今天是星期幾今天是星期六,你同𠊎看下今晡係拜幾今晡係拜六,hn113 tung113 ngai113 kon53 ha53 gim33 bi35 he33 bai53 gi31 gim33 bi35 he33 bai53 liug21,,
DM203J2056_138.wav,下禮拜一要考試你知道嗎下禮拜五要記得交作業,下禮拜一愛考試你知無下禮拜五愛記得交作業,ha53 li33 bai53 rhid21 oi33 kau31 shi53 hn113 di33 mo113 ha53 li33 bai53 ng31 oi33 gi53 ded21 gau33 zog21 ngiab54,,發音者zog21作音讀錯
DM203J2056_139.wav,上禮拜二整天下雨,上禮拜二歸日落雨,shong53 li33 bai53 ngi53 gui33 ngid21 log54 rhi31,,
DM203J2056_140.wav,週三他請假你代理一下好嗎,拜三佢請假你代理一下好無,bai53 sam33 gi113 ciang31 ga31 hn113 toi53 li33 rhid21 ha53 ho31 mo113,,
DM203J2056_141.wav,我沒戴手錶不知道現在幾點現在是十點,𠊎無戴時錶毋知這下幾多點這滿係十點,ngai113 mo113 dai53 shi113 biau31 m113 di33 lia31 ha53 gid21 do33 diam31 lia31 man35 he33 shib54 diam31,,
DM203J2056_142.wav,你明天要坐幾點的火車我要坐七點的火車,你天光愛坐幾多點个火車𠊎愛坐七點个火車,hn113 tien33 gong35 oi33 co33 gid21 do33 diam31 gai33 fo31 cha33 ngai113 oi33 co33 cid21 diam31 gai33 fo31 cha33,,
DM203J2056_143.wav,今天九點要開會喔請幫忙準備資料,今晡九點愛開會哦請𢯭手準備資料,gim33 bu35 giu31 diam31 oi33 koi33 fui53 o33 ciang31 ten53 shiu31 zhun31 pi53 zii33 liau53,,
DM203J2056_144.wav,一點可以開飯了飯前要先洗手飯後要漱口,一點好食飯咧食飯前愛先洗手食飯後愛湯嘴,rhid21 diam31 ho31 shid54 pon53 le33 shid54 pon53 cien113 oi33 sien33 se31 shiu31 shid54 pon53 heu53 oi33 tong33 zhoi53,,
DM203J2056_145.wav,超過三點還沒到就算遲到了,超過三點還吂到斯算慢到咧,cheu33 go53 sam33 diam31 han113 mang113 do53 sii33 son53 man53 do53 le33,,
DM203J2056_146.wav,我每天兩點要看電視新聞別一直看電視眼睛會看壞掉,𠊎逐日兩點愛看電視新聞毋好緊看電視目珠會看壞撇,ngai113 dag21 ngid21 liong31 diam31 oi33 kon53 tien53 shi53 sin33 vun113 m113 ho31 gin31 kon53 tien53 shi53 mug21 zhu33 voi33 kon53 fai53 ped21,,
DM203J2056_147.wav,天氣變好了你等一下有空嗎五點一起去運動,天時轉好咧你等加有閒無五點共下來去運動,tien33 shi113 zhon31 ho31 le33 hn113 den31 ga33 rhiu33 han113 mo113 ng31 diam31 kiung53 ha53 loi113 ki33 rhun53 tung53,,
DM203J2056_148.wav,現在幾點了八點大家一起去聚餐,這下幾多點咧八點大家共下來去打鬥四,lia31 ha53 gid21 do33 diam31 le33 bad21 diam31 tai53 ga33 kiung53 ha53 loi113 ki33 da31 deu53 si53,,
DM203J2056_149.wav,你明天幾點要來四點你們先開動沒關係,你天光幾多點愛來四點若等先食緊來毋怕,hn113 tien33 gong35 gid21 do33 diam31 oi33 loi113 si53 diam31 ngia33 nen35 sien33 shid54 gin31 loi113 m113 pa53,,天光35發音者讀33
DM203J2056_150.wav,為了趕十二點看電視他扒飯扒很快,為着赴十二點看電視佢划飯划當遽,vui113 do31 fu53 shib54 ngi53 diam31 kon53 tien53 shi53 gi113 pa33 pon53 pa33 dong33 giag21,,
DM203J2056_151.wav,不好意思請你明天十一點再打電話來掛號,失禮哦請你天光十一點正過打電話來掛號,shid21 li33 o33 ciang31 hn113 tien33 gong35 shib54 rhid21 diam31 zhang33 go53 da31 tien53 fa53 loi113 gua53 ho53,,
DM203J2056_153.wav,一百零一年度客語認證正式開始報名囉,一百空一年度客語認證正式開始報名哩喲,rhid21 bag21 kung53 rhid21 ngien113 tu53 kag21 ngi33 ngin53 zhin53 zhin53 shid21 koi33 chi31 bo53 miang113 li33*io33 lio33,,
DM203J2056_154.wav,小姐先生我要點菜我要點八號餐,小姐先生𠊎愛點菜𠊎愛點八號餐,siau31 zi31 sin33 sen33 ngai113 oi33 diam31 coi53 ngai113 oi33 diam31 bad21 ho53 con33,,
DM203J2056_155.wav,你要辦的業務在四樓我幫你按電梯,你愛辦个業務在四樓𠊎同你𢯭手搤電梯,hn113 oi33 pan53 gai33 ngiab54 mu53 to33 si53 leu113 ngai113 tung113 hn113 ten53 shiu31 ed21 tien53 toi33,,
DM203J2056_156.wav,請從九號櫃檯旁的樓梯往上走就在二樓,請對九號櫃檯脣項个樓梯行往上斯在二樓,ciang31 dui53 giu31 ho53 kui53 toi113 shun113 hong33 gai33 leu113 toi33 hang113 gong33 shong33 sii33 to33 ngi53 leu113,,
DM203J2056_157.wav,門診間在三樓你搭電扶梯上去門診間就在你的左側,門診間在三樓你坐電扶梯上去門診間斯在若左手片,mun113 zhin31 gien33 to33 sam33 leu113 hn113 co33 tien53 fu113 toi33 shong33 ki53 mun113 zhin31 gien33 sii33 to33 ngia33 zo31 shiu31 pien31,,
DM203J2056_158.wav,九十六路公車來了快點上車,九十六路公車來咧遽遽上車,giu31 shib54 liug21 lu53 gung33 cha33 loi113 le33 giag21 giag21 shong53 cha33,,
DM203J2056_159.wav,你家的門牌是幾號我家的門牌是九十七號,若屋下个門牌係幾多號吾屋下个門牌係九十七號,ngia33 vug21 ka33 gai33 mun113 pai113 he53 gid21 do33 ho53 nga33 vug21 ka33 gai33 mun113 pai113 he53 giu31 shib54 cid21 ho53,,
DM203J2056_160.wav,弟弟一直以來都很聽話他只考了二十八分父母很失望,老弟自溜都當聽話佢正考着二十八分爺哀當失望,lo31 te33 cii53 liu53 do33 dong33 ten33 fa53 gi113 zhang33 kau31 do31 ngi53 shib54 bad21 fun33 rha113 oi33 dong33 shid21 mong53,,
DM203J2056_161.wav,請問你幾號我是二十一號,請問你幾多號𠊎係二十一號,ciang31 mun53 hn113 gid21 do33 ho53 ngai113 he33 ngi53 shib54 rhid21 ho53,,
DM203J2056_162.wav,一斤才四十九元而已價錢很實惠算便宜點好嗎,一斤正四十九箍忒等價數當實在較便宜兜好無,rhid21 gin33 zhang53 si53 shib54 giu31 kieu33 ted21 nen35 ga53 sii53 dong33 shid54 cai53 ka33 pien113 ngi113 deu33 ho31 mo113,,
DM203J2056_163.wav,他在路上撿到五十五元,佢在路項拈着五十五箍,gi113 to33 lu53 hong33 ngiam33 do31 ng31 shib54 ng31 kieu33,,
DM203J2056_164.wav,這西瓜多少錢三十八元,這西瓜幾多錢三十八箍,lia31 si33 gua33 gid21 do33 cien113 sam33 shib54 bad21 kieu33,,
DM203J2056_165.wav,你掛的是五十六號要先向你收掛號費兩百元,你掛个係五十六號愛先同你收掛號費六百箍,hn113 gua53 gai33 he53 ng31 shib54 liug21 ho53 oi33 sien33 tung113 hn113 shiu33 gua53 ho53 fui53 liug21 bag21 kieu33,,
DM203J2056_166.wav,請你到藥局領藥你的號碼是四十四號謝謝請慢走,請你去藥局領藥若个號碼係四十四號勞瀝請慢行,ciang31 hn113 ki53 rhog54 kiug54 liang33 rhog54 ngia33 gai33 ho53 ma33 he53 si53 shib54 si53 ho53 lo113 lad54 ciang31 man53 hang113,,
DM203J2056_167.wav,你是七十七號等一下叫到你的號碼再請你去櫃台辦理,你係七十七號等加喊着若號碼正請你去櫃台辦理,hn113 he53 cid21 shib54 cid21 ho53 den31 ga33 hem33 do31 ngia33 ho53 ma33 zhang33 ciang31 hn113 ki33 kui53 toi113 pan53 li33,,
DM203J2056_168.wav,這繩子多長六十七公尺這菜怎麼賣一把六十九元,這索幾長六十七公尺這菜仰脣賣一抓六十九箍,lia31 sog21 gid21 chong113 liug21 shib54 cid21 gung33 chag21 lia31 coi53 ngiong31 shun113 mai53 rhid21 za33 liug21 shib54 giu31 kieu33,,
DM203J2056_169.wav,檢查報告大約要等三十七分鐘請你先坐一下,檢查報告大約愛等三十七分鐘請你先坐一下,giam31 ca113 bo53 go53 tai53 rhog21 oi33 den31 sam33 shib54 cid21 fun33 zhung33 ciang31 hn113 sien33 co33 rhid21 ha53,,
DM203J2056_170.wav,司機先生我趕時間三十一分鐘到得了嗎,司機先生𠊎愛趕時間三十一分鐘會到無,sii33 gi33 sin33 sen33 ngai113 oi33 guan31 shi113 gien33 sam33 shib54 rhid21 fun33 zhung33 voi33 do53 mo113,,
DM203J2056_171.wav,該起床了快去洗臉刷牙還要多久再八分鐘,好䟘床咧遽遽去洗面鑪牙齒還愛幾久過八分鐘,ho31 hong53 cong113 le33 giag21 giag21 ki33 se31 mien53 lu53 nga113 chi31 han113 oi33 gid21 giu31 go53 bad21 fun33 zhung33,,
DM203J2056_172.wav,他這次買火車票花了九百元,佢這擺買火車票買撇九百箍,gi113 lia31 bai31 mai33 fo31 cha33 piau53 mai33 ped21 giu31 bag21 kieu33,,
DM203J2056_173.wav,這個多少錢這個四千八百元,這隻幾多錢這隻四千八百箍,lia31 zhag21 gid21 do33 cien113 lia31 zhag21 si53 cien33 bad21 bag21 kieu33,,
DM203J2056_174.wav,他去逛百貨公司刷卡買東西花了五萬元,佢去遶百貨公司刷卡買東西用撇五萬箍,gi113 ki33 lau33 bag21 fo53 gung33 sii33 sod21 ka31 mai33 dung33 si33 rhung53 ped21 ng31 van53 kieu33,,
DM203J2056_175.wav,桌上有兩個熱水瓶紙箱裡有四顆球,桌項有兩支暖罐紙箱裡肚有四粒球,zog21 hong33 rhiu33 liong31 gi33 non33 guan53 zhi31 siong35 di33 du31 rhiu33 si53 liab54 kiu113,,
DM203J2056_176.wav,從這裡走路去火車站要走六分鐘,對這項行路去火車頭愛行六分鐘,dui53 lia31 * hong33 liong35 hang113 lu53 ki33 fo31 cha33 teu113 oi33 hang113 liug21 fun33 zhung33,,
DM203J2056_177.wav,這本書總共有七百頁我算一下總共要兩百元,這本書總共有七百頁𠊎算一下總共愛兩百箍,lia31 bun31 shu33 zung31 kiung53 rhiu33 cid21 bag21 rhab54 ngai113 son53 rhid21 ha53 zung31 kiung53 oi33 liong31 bag21 kieu33,,
DM203J2056_178.wav,你幾歲了我今年三歲,你幾多歲咧𠊎今年三歲,hn113 gid21 do33 se53 le33 ngai113 gim33 ngien113 sam33 se53,,
DM203J2056_179.wav,這件衣服花了我八百元,這領衫買撇𠊎八百箍,lia31 liang33 sam33 mai33 ped21 ngai113 bad21 bag21 kieu33,,
DM203J2056_180.wav,老闆雞蛋一斤多少錢雞蛋一斤六十二元,頭家雞卵一斤幾多錢雞卵一斤六十二箍,teu113 ga33 gie33 lon31 rhid21 gin33 gid21 do33 cien113 gie33 lon31 rhid21 gin33 liug21 shib54 ngi53 kieu33,,
DM203J2056_181.wav,剩下這些都賣你四百元就好,伸這兜歸下賣你四百箍斯好,chun33 lia31 deu33 gui33 ha53 mai53 hn113 si53 bag21 kieu33 sii33 ho31,,
DM203J2056_182.wav,我聽說阿美抽到五千萬的大獎是真的還是假的,𠊎聽講阿美著著五千萬个大獎有影抑無影,ngai113 ten33 gong31 a33 mui33 chog54 do31 ng31 cien33 van53 gai33 tai53 ziong31 rhiu33 rhang31 rha33 mo113 rhang31,,
DM203J2056_183.wav,桌子很久沒擦灰塵很厚叫兩個人過去那邊幫忙,桌當久無捽塵灰當賁喊兩個人過去該片𢯭手,zog21 dong33 giu31 mo113 cud54 chin113 foi33 dong33 pun33 hem33 liong31 gai53 ngin113 go53 ki33 gai53 pien31 ten53 shiu31,,
DM203J2056_184.wav,請問你家有幾個人我家總共有六個人,請問若屋家有幾多人吾屋家總共有六個人,ciang31 mun53 ngia33 vug21 ka33 rhiu33 gid21 do33 ngin113 nga33 vug21 ka33 zung31 kiung53 rhiu33 liug21 gai53 ngin113,,
DM203J2056_185.wav,我今天遲到七分鐘被老師罵,𠊎今晡慢到七分鐘分先生罵,ngai113 gim33 bi35 man53 do53 cid21 fun33 zhung33 bun33 sin33 sen33 ma53,,
DM203J2056_186.wav,他請假三天被老闆扣薪,佢請假三日分頭家扣月給,gi113 ciang31 ga31 sam33 ngid21 bun33 teu113 ga33 kieu53 ngied54 gib21,,
DM203J2056_187.wav,請問到終點還有幾站還有八站就會到了,請問到終點還有幾多站還有八站斯會到咧,ciang31 mun53 do53 zhung33 diam31 han113 rhiu33 gid21 do33 zam53 han113 rhiu33 bad21 zam53 sii33 voi33 do53 le33,,
DM203J2056_188.wav,你兒子今年幾歲我兒子今年九歲好可愛喔,若倈今年幾多歲吾倈今年九歲還得人惜哦,ngia33 lai53 gim33 ngien113 gid21 do33 se53 nga33 lai53 gim33 ngien113 giu31 se53 han113 ded21 ngin113 siag21 o31,,
DM203J2056_189.wav,四斤龍眼不知道是太多還是太少,四斤牛眼毋知係忒多抑係忒少,si53 gin33 ngiu113 ngien31 m113 di33 he53 ted21 do33 rha33 he33 ted21 sheu31,,
DM203J2056_190.wav,老闆請了五個女孩來招攬生意,頭家請五個細妹來拉生理,teu113 ga33 ciang31 ng31 gai53 se53 moi53 loi113 lai33 sen33 li33,,
DM203J2056_191.wav,如果要掛號麻煩健保卡給我並繳兩百元,係愛掛號麻煩健保卡分𠊎還過繳兩百箍,he33 oi33 gua53 ho53 ma113 fan113 kien53 bo31 ka31 bun33 ngai113 han113 go53 giau31 liong31 bag21 kieu33,,
DM203J2056_192.wav,三餐飯後吃藥一天吃三次一次六顆,三餐食飽飯食藥一日食三擺一擺六粒,sam33 con33 shid54 bau31 pon53 shid54 rhog54 rhid21 ngid21 shid54 sam33 bai31 rhid21 bai31 liug21 liab54,,
DM203J2056_193.wav,這兩種藥不可以一起服用要間隔七小時才可以吃喔,這兩種藥毋好共下食愛間七點鐘正好食哦,lia31 liong31 zhung31 rhog54 m113 ho31 kiung53 ha53 shid54 oi33 gam53 cid21 diam31 zhung33 zhang33 ho31 shid54 o33,,
DM203J2056_194.wav,要注意喔這兩種眼藥水請間隔三小時再點,愛注意喔這兩種目藥水請間三點鐘正點,oi33 zhu53 rhi53 o31 lia31 liong31 zhung31 mug21 rhog54 shui31 ciang31 gam53 sam33 diam31 zhung33 zhang33 diam31,,
DM203J2056_195.wav,你要休幾天我要休八天因為舅舅要娶老婆,你愛尞幾久𠊎愛尞八日因為阿舅愛討餔娘,hn113 oi33 liau53 gid21 giu31 ngai113 oi33 liau53 bad21 ngid21 rhin33 vui53 a33 kiu33 oi33 to31 bu33 ngiong113,,
DM203J2056_196.wav,我們有九個人我們想要坐靠窗的位置,吾等有九個人吾等想愛坐偎窗門个位,nga33 nen35 rhiu33 giu31 gai53 ngin113 nga33 nen35 siong31 oi33 co33 va31 cung33 mun113 gai33 vui53,,
DM203J2056_197.wav,作文題目是我如果有四萬元想做什麼,作文題目係𠊎若係有四萬箍想愛做麼个,zog21 vun113 ti113 mug21 he53 ngai113 na33 he33 rhiu33 si53 van53 kieu33 siong31 oi33 zo53 ma31 gai33,,
DM203J2056_198.wav,夜市裡的牛仔褲一條只賣五百又好看又便宜,夜市肚个牛仔褲一領正賣五百又靚又便宜,rha53 shi53 du31 gai33 ngiu113 zii31 ku53 rhid21 liang33 zhang33 mai53 ng31 bag21 rhiu53 ziang33 rhiu53 pien113 ngi113,,
DM203J2056_199.wav,我這陣子咳不停你什麼時候注意到這個問題兩天前,𠊎恁久嗽無停你哪時注意着這個問題兩日前,ngai113 an31 giu31 cug54 mo113 tin113 hn113 ne53 shi113 zhu53 rhi53 do31 lia31 gai53 mun53 ti113 liong31 ngid21 cien113,,
DM203J2056_200.wav,檢查好了六天後再回診聽報告,檢查好咧六日後正轉來分先生看聽報告,giam31 ca113 ho31 le33 liug21 ngid21 heu53 zhang33 zhon31 loi113 bun33 sin33 sen33 kon53 ten33 bo53 go53,,
DM203K2001_001.wav,螢火蟲這幾年每到國曆四月中到五月初,火黏蟲這幾年見到國曆四月中到五月初,fo31 ngiam113 chung113 lia31 gi31 ngien113 gien53 do53 guad21 led54 si53 ngied54 zhung33 do53 ng31 ngied54 cu33,,
DM203K2001_002.wav,是油桐花開的季節,係油桐花開个季節,he53 rhiu113 tung113 fa33 koi33 gai33 gui53 zied21,,
DM203K2001_003.wav,同時又是我們中部螢火蟲最活耀的時候,同時又係𫣆等中部火黏蟲大出个時節,tung113 shi113 rhiu53 he53 en33 nen35 zhung33 pu53 fo31 ngiam113 chung113 tai53 chud21 gai33 shi113 zied21,,
DM203K2001_004.wav,苗栗臺中靠山的地方有很多生意人,苗栗臺中偎山个所在有當多生理人,miau113 lid54 toi113 zhung33 va31 san33 gai33 so31 cai53 rhiu33 dong33 do33 sen33 li33 ngin113,,
DM203K2001_005.wav,用白天賞桐花,用日時頭賞桐花,rhung53 ngid21 shi113 teu113 shong31 tung113 fa33,,
DM203K2001_006.wav,晚間探訪螢火蟲的活動來打廣告,暗晡頭探火黏蟲个活動來廣告,am53 bu33 teu113 tam31 fo31 ngiam113 chung113 gai33 fad54 tung53 loi113 gong31 go53,,
DM203K2001_007.wav,吸引來自臺灣各地的客人,餳來臺灣各地个人客,sia113 loi113 toi113 van113 gog21 ti53 gai33 ngin113 kag21,,
DM203K2001_008.wav,在這段時間中部地區的觀光景點天天都人擠人,在這段時間中部地區个觀光景點日日人尖人,to33 lia31 ton53 shi113 gien33 zhung33 pu53 ti53 ki33 gai33 guan33 gong33 gin31 diam31 ngid21 ngid21 ngin113 ziam33 ngin113,,
DM203K2001_009.wav,也把這些生意人的錢袋塞得滿滿的,也同這兜生理人个錢袋塞淰淰,rha33 tung113 lia31 deu33 sen33 li33 ngin113 gai33 cien113 toi53 ced21 nem33 nem33,,
DM203K2001_010.wav,油桐花開得滿山像下雪真的是很漂亮的風景,滿山个油桐花開都白蓬蓬正經係當靚个風景,man33 san33 gai33 rhiu113 tung113 fa33 koi33 do33 pag54 pung53 pung53 zhin53 gin33 he53 dong33 ziang33 gai33 fung33 gin31,,
DM203K2001_011.wav,黃昏過後整群的螢火蟲又會帶給客人不一樣的享受,暗昏了後歸陣个火黏蟲又會帶分人客無共樣个享受,am53 fun33 liau31 heu53 gui33 chin53 gai33 fo31 ngiam113 chung113 rhiu53 voi53 dai53 bun33 ngin113 kag21 mo113 kiung53 rhong53 gai33 hiong31 shiu53,,
DM203K2001_012.wav,因為這樣客人看花賞螢火蟲笑咪咪,因致恁泥人客看花賞火黏蟲笑咪咪,rhin33 zhi53 an31 ne113 ngin113 kag21 kon53 fa33 shong31 fo31 ngiam113 chung113 siau53 mi33 mi35,,在此處這詞後面要上揚
DM203K2001_013.wav,生意人算錢也算得笑嘻嘻,生理人算錢也算去牙哂哂,sen33 li33 ngin113 son53 cien113 rha33 son53 ki53 nga113 si33 si33,,
DM203K2001_014.wav,螢火蟲對我們這些鄉下小孩而言實在沒有什麼稀奇,火黏蟲對吾等這兜莊下細人來講實在無麼个稀奇,fo31 ngiam113 chung113 dui53 nga33 nen35 lia31 deu33 zong33 ha33 se53 ngin113 loi113 gong31 shid54 cai53 mo113 ma31 gai33 hi33 ki113,,
DM203K2001_015.wav,就像春天開花秋天落葉那麼自然,斯像春天開花秋天落葉恁自然,sii33 ciong53 chun33 tien33 koi33 fa33 ciu33 tien33 log54 rhab54 an31 cii53 rhen113,,
DM203K2001_016.wav,記得我還是小孩子的時候,記得𠊎做細人該下,gi53 ded21 ngai113 zo53 se53 ngin113 gai53 ha53,,
DM203K2001_017.wav,夏天吃完晚飯媽媽還在廚房整理收拾,熱天食飽夜阿姆還在灶下撿揫,ngied54 tien33 shid54 bau31 rha53 a33 me33 han113 coi33 zo53 ha33 giam31 ciu33,,
DM203K2001_018.wav,爺爺奶奶拿著葵扇在晒穀場乘涼聊天,阿爹阿奶擎核葵扇在禾埕坐涼打嘴鼓,a33 da33 a33 ne31 kia113 hed54 kui113 shen53 coi33 vo113 chang113 co33 liong113 da31 zhoi53 gu31,,
DM203K2001_019.wav,哥哥就會帶著我和弟弟捉螢火蟲玩,阿哥斯會帶緊𠊎同老弟捉火黏蟲搞,a33 go33 sii33 voi53 dai53 gin31 ngai113 tung113 lo31 te33 zog21 fo31 ngiam113 chung113 gau31,,
DM203K2001_020.wav,那時候的螢火蟲到處都是晒穀場上就看得到,該當時个火黏蟲滿哪都係禾埕項斯看得著,gai53 dong33 shi113 gai33 fo31 ngiam113 chung113 man33 ne53 do33 he53 vo113 chang113 hong33 sii33 kon53 ded21 do31,,
DM203K2001_021.wav,有時候還會飛進屋裡去在電燈下飛來飛去,成半下還會飛入屋家肚去在電火下飛來飛去,shang113 ban53 ha53 han113 voi33 bui33 ngib54 vug21 ka33 du31 ki53 to33 tien53 fo31 ha53 bui33 loi113 bui33 ki53,,
DM203K2001_022.wav,哥哥的老師曾說故事給他們聽,阿哥个先生識講古分厥等聽,a33 go33 gai33 sin33 sen33 shid21 gong31 gu31 bun33 gia33 nen35 ten33,,
DM203K2001_023.wav,說以前有一個小孩很想要讀書,講頭擺有一個細人當想愛讀書,gong31 teu113 bai31 rhiu33 rhid21 gai53 se53 ngin113 dong33 siong31 oi53 tug54 shu33,,
DM203K2001_024.wav,不過家裡很辛苦沒錢可以點油燈讓他看書,毋過屋家當匱無錢好點燈盞分佢看書,m113 go53 vug21 ka33 dong33 kuai113 mo113 cien113 ho31 diam31 den33 zan31 bun33 gi113 kon53 shu33,,
DM203K2001_025.wav,他就跑去捉很多螢火蟲裝在小的麻紗布袋裡,佢斯走去捉當多火黏蟲張在細麻紗布袋肚,gi113 sii33 zeu31 ki53 zog21 dong33 do33 fo31 ngiam113 chung113 zhong33 coi33 se53 ma113 sa33 bu53 toi53 du31,,
DM203K2001_026.wav,用螢火蟲的光來讀書後來他長大了很有成就,用火黏蟲个光來讀書臨尾佢大漢了斯當有成就,rhung53 fo31 ngiam113 chung113 gai33 gong33 loi113 tug54 shu33 lim113 mui33 gi113 tai53 hon53 le33 sii33 dong33 rhiu33 shin113 ciu53,,
DM203K2001_027.wav,哥哥也想要捉螢火蟲來當電燈,阿哥也想愛捉火黏蟲來做電火,a33 go33 rha33 siong31 oi33 zog21 fo31 ngiam113 chung113 loi113 zo53 tien53 fo31,,
DM203K2001_028.wav,就約我和弟弟一起去房子後面的菜園捉螢火蟲,斯湊𠊎同老弟共下去屋背个菜園捉,sii33 ceu53 ngai113 tung113 lo31 te33 kiung53 ha53 ki53 vug21 boi53 gai33 coi53 rhen113 zog21,,
DM203K2001_029.wav,房子後面黑漆漆的還有各種吱吱嘎嘎的蟲青蛙的叫聲,屋背暗摸胥疏還有真多吱吱嘎嘎个蟲𧊅噭聲,vug21 boi53 am53 mo33 si33 so33 han113 rhiu33 zhin33 do33 gi53 gi53 ga53 ga53 gai33 chung113 guai31 gieu53 shang33,,
DM203K2001_030.wav,很令人害怕我和弟弟抓著哥哥的上衣下襬,當得人驚𠊎同老弟揪核阿哥个衫尾,dong33 ded21 ngin113 giang33 ngai113 tung113 lo31 te33 kiu31 hed54 a33 go33 gai33 sam33 mui33,,
DM203K2001_031.wav,怕得連大氣都不敢喘一步一步硬撐到菜園,驚都毋敢敨大氣一步一步耐到菜園,giang33 do33 m113 gam31 teu31 tai53 ki53 rhid21 pu53 rhid21 pu53 ngai53 do33 coi53 rhen113,,
DM203K2001_032.wav,看到整片菜園全部是一閃一閃的螢火蟲,看著歸菜園做下係𥍉上𥍉下个火黏蟲,kon53 do31 gui33 coi53 rhen113 zo53 ha53 he53 ngiab21 shong33 ngiab21 ha33 gai33 fo31 ngiam113 chung113,,
DM203K2001_033.wav,比天上的星星還更多更漂亮,比天頂个星還較多還較靚,bi31 tien33 den31 gai33 sen33 han113 ka33 do33 han113 ka33 ziang33,,
DM203K2001_034.wav,我們高興得大聲叫高興的不得了,吾等歡喜都咻咻滾暢都奈毋得,nga33 nen35 fan33 hi31 do33 hiu53 hiu53 gun31 tiong53 do33 nai53 m113 ded21,,
DM203K2001_035.wav,我們捉到好幾十隻螢火蟲快跑回家要向媽媽炫耀一番,吾等捉著幾下十隻火黏蟲飆轉屋家愛同阿姆展寶,nga33 nen35 zog21 do31 gi31 ha53 shib54 zhag21 fo31 ngiam113 chung113 biau33 zhon31 vug21 ka33 oi33 tung113 a33 me33 dien31 bo31,,
DM203K2001_036.wav,沒想到媽媽馬上就叫我們把螢火蟲放掉,無想著阿姆一下斯喊吾等同火黏蟲放撇,mo113 siong31 do31 a33 me33 rhid21 ha53 sii33 hem33 nga33 nen35 tung113 fo31 ngiam113 chung113 biong53 ped21,,
DM203K2001_037.wav,哥哥不願意我和弟弟也捨不得,阿哥毋肯𠊎同老弟也毋盼得,a33 go33 m113 hen31 ngai113 tung113 lo31 te33 rha33 m113 pan53 ded21,,
DM203K2001_038.wav,想把整個油紙袋的螢火蟲放在房間裡,想同歸油紙絡个火黏蟲放在間肚,siong31 tung113 gui33 rhiu113 zhi31 log54 gai33 fo31 ngiam113 chung113 biong53 to33 gien33 du31,,
DM203K2001_039.wav,看是不是真的不用開電燈,看有影毋使點電火無,kon53 rhiu33 rhang31 m113 sii31 diam31 tien53 fo31 mo113,,
DM203K2001_040.wav,媽媽說不可以捉螢火蟲,阿姆講使毋得捉火黏蟲,a33 me33 gong31 sii31 m113 ded21 zog21 fo31 ngiam113 chung113,,
DM203K2001_041.wav,快快把螢火蟲放掉啦,遽遽同火黏蟲放撇啦,giag21 giag21 tung113 fo31 ngiam113 chung113 biong53 ped21 la31,,
DM203K2001_042.wav,不然的話你們今天晚上睡覺就會尿床喔,若無若等暗夜睡目斯會拉尿哦,na33 mo113 ngia33 nen35 am53 rha53 shoi53 mug21 sii33 voi33 lai113 ngiau53 o33,,
DM203K2001_043.wav,我們聽到怕尿床被人笑,吾等聽著驚拉尿分人笑,nga33 nen35 ten33 do31 giang33 lai113 ngiau53 bun33 ngin113 siau53,,
DM203K2001_044.wav,就快快跑去晒穀場把螢火蟲放掉,斯遽遽走去禾埕同火黏蟲放撇,sii33 giag21 giag21 zeu31 ki53 vo113 chang113 tung113 fo31 ngiam113 chung113 biong53 ped21,,
DM203K2001_045.wav,看著一隻一隻螢火蟲閃啊閃的,看核一隻一隻火黏蟲𥍉啊𥍉,kon53 hed54 rhid21 zhag21 rhid21 zhag21 fo31 ngiam113 chung113 ngiab21 a33 ngiab21,,
DM203K2001_046.wav,從油紙袋裡慢慢飛出來飛向漆黑的圍牆後面去,對油紙絡肚慢慢飛出來飛對暗暗个圍牆背去,dui53 rhiu113 zhi31 log54 du31 man53 man53 bui33 chud21 loi113 bui33 dui53 am53 am53 gai33 vui113 ciong113 boi53 ki53,,發音者zhi31紙，讀錯zhi113
DM203K2001_047.wav,第二天一大早我們三個全部沒尿床,第二日打早吾等三個做下無拉尿,ti53 ngi53 ngid21 da31 zo31 nga33 nen35 sam33 gai53 zo53 ha53 mo113 lai113 ngiau53,,
DM203K2001_048.wav,從那次開始我們也不曾再去捉螢火蟲來玩了,對該擺起勢吾等也毋識過捉火黏蟲來搞了,dui53 gai53 bai31 ki31 shi53 nga33 nen35 rha33 m113 shid21 go53 zog21 fo31 ngiam113 chung113 loi113 gau31 le33,,
DM203K2001_049.wav,現在回想起來實在要稱讚媽媽的智慧,這下愐起來實在愛阿腦阿姆个智慧,lia31 ha53 men31 ki31 loi113 shid54 cai53 oi33 o33 no31 a33 me33 gai33 zhi53 fui53,,
DM203K2001_050.wav,要不是她騙我們說捉螢火蟲會尿床,若無佢騙吾等講捉火黏蟲會拉尿,na33 mo113 gi113 pien53 nga33 nen35 gong31 zog21 fo31 ngiam113 chung113 voi53 lai113 ngiau53,,
DM203K2001_051.wav,那時候不知道會被我們弄死多少的螢火蟲呢,該當時毋知會分吾這兜損撇幾多火黏蟲嚟,gai53 dong33 shi113 m113 di33 voi53 fun33 nga33 lia31 deu33 sun31 ped21 gid21 do33 fo31 ngiam113 chung113 le31,,
DM203K2001_052.wav,奶奶的鑰匙在我還是小孩子的時候,阿奶个鎖匙在𠊎做細人个時節,a33 ne31 gai33 so31 shi113 to33 ngai113 zo53 se53 ngin113 gai33 shi113 zied21,,
DM203K2001_053.wav,奶奶的褲腰上總是繫著一支黃銅色的鑰匙,阿奶个褲頭總係結一支黃銅色个鎖匙,a33 ne31 gai33 ku53 teu113 zung31 he53 gied21 rhid21 gi33 vong113 tung113 sed21 gai33 so31 shi113,,
DM203K2001_054.wav,每次遠遠聽到賣雜貨的貨車來了,逐擺遠遠聽著賣雜細个車來了,dag21 bai31 rhen31 rhen31 ten33 do31 mai53 cab54 ce53 gai33 cha33 loi113 le33,,
DM203K2001_055.wav,我就會三步當兩步走趕快到廚房找奶奶,𠊎斯會三步做兩步行趕緊去灶下尋阿奶,ngai113 sii33 voi33 sam33 pu53 zo53 liong31 pu53 hang113 guan31 gin31 ki53 zo53 ha33 cim113 a33 ne31,,
DM203K2001_056.wav,奶奶在廚房煮飯非常忙,阿奶在灶下煮食當無閒,a33 ne31 to33 zo53 ha33 zhu31 shid54 dong33 mo113 han113,,
DM203K2001_057.wav,我看到奶奶把草結塞進爐灶裡,𠊎看著阿奶同草結窿入灶空肚,ngai113 kon53 do31 a33 ne31 tung113 co31 gied21 lung113 ngib54 zo53 kung33 du31,,
DM203K2001_058.wav,爐灶的火猛烈鍋子裡正熱著,灶空火真猛鑊頭𤊶𤊶,zo53 kung33 fo31 zhin33 mang31 vog54 teu113 lad21 lad21,,
DM203K2001_059.wav,奶奶臉紅紅的整個廚房香氣四溢,阿奶面紅紅歸間灶下香馞馞,a33 ne31 mien53 fung113 fung113 gui33 gien33 zo53 ha33 hiong33 pud21 pud21,,
DM203K2001_060.wav,我跟奶奶說奶奶快一點快一點,𠊎同阿奶講阿奶遽遽啦,ngai113 tung113 a33 ne31 gong31 a33 ne31 giag21 giag21 la31,,
DM203K2001_061.wav,賣雜貨的老闆來了在大晒穀場等了,賣雜細个頭家來了在大禾埕等哦,mai53 cab54 ce53 gai33 teu113 ga33 loi113 le33 to33 tai53 vo113 chang113 den31 o33,,
DM203K2001_062.wav,大伯母和四叔婆也在那裡買雜貨很熱鬧呢,大伯姆同四叔婆乜在該買當鬧熱呢,tai53 bag21 me33 tung113 si53 shug21 po113 me53 coi33 gai53 mai33 dong33 nau53 ngied54 ne31,,
DM203K2001_063.wav,你要去看嗎今天還有賣奶奶最愛吃的醃芭樂喔,妳愛去看無今晡日還有賣阿奶盡愛食个滷朳哦,hn113 oi33 ki53 kon53 mo113 gim33 bi33 ngid21 han113 rhiu33 mai53 a33 ne31 cin53 oi33 shid54 gai33 lu33 bad54 o33,,
DM203K2001_064.wav,快一點啦等一下老闆就會跑掉了,遽遽啦等下頭家斯會走撇了,giag21 giag21 la31 den31 ha53 teu113 ga33 sii33 voi33 zeu31 ped21 le33,,
DM203K2001_065.wav,奶奶笑咪咪的跟我說聽到了,阿奶笑瞇瞇同𠊎講聽著了,a33 ne31 siau53 mi33 mi33 tung113 ngai113 gong31 ten33 do31 le33,,疊字詞在此處音檔及音標都沒錯
DM203K2001_066.wav,你看你口水一直滴個不停囉不用那麼急,你看若口涎水溚溚跌哩*喲毋使恁趕緊,hn113 kon53 ngia33 heu31 lan33 shui31 dab54 dab54 died21 li33*io33 lio33 m113 sii31 an31 guan31 gin31,,
DM203K2001_067.wav,等我把福菜湯煮好才去拿錢,等𠊎同覆菜湯煮好正去拿錢,den31 ngai113 tung113 pug21 coi53 tong33 zhu31 ho31 zhang33 ki53 na33 cien113,,
DM203K2001_068.wav,我跟著奶奶一路走到房間裡奶奶打開衣櫥,𠊎跈阿奶一路行到間肚阿奶打開鏡櫥,ngai113 ten113 a33 ne31 rhid21 lu53 hang113 do53 gien33 du31 a33 ne31 da31 koi33 giang53 chu113,,
DM203K2001_069.wav,要開抽屜的時候轉頭跟我說,愛開拖箱个時節斡頭同𠊎講,oi33 koi33 to33 siong35 gai33 shi113 zied21 vad21 teu113 tung113 ngai113 gong31,,
DM203K2001_070.wav,小孩子出去外面等奶奶要拿錢不要進來房間裡看,細人出去外背等阿奶愛拿錢毋好入來間肚看,se53 ngin113 chud21 ki53 ngo53 boi53 den31 a33 ne31 oi33 na33 cien113 m113 hau53 ngib54 loi113 gien33 du31 kon53,,
DM203K2001_071.wav,我會擠到門邊偷看奶奶感覺很有趣,𠊎會尖在門脣偷看阿奶試著當生趣,ngai113 voi33 ziam33 to33 mun113 shun113 teu33 kon53 a33 ne31 chi53 do31 dong33 sen33 ci53,,
DM203K2001_072.wav,我看到奶奶在房間裡從褲腰翻出一支黃銅色的鑰匙,𠊎看著阿奶在間肚對褲頭揙出一支黃銅色个鎖匙,ngai113 kon53 do31 a33 ne31 to33 gien33 du31 dui53 ku53 teu113 bien31 chud21 rhid21 gi33 vong113 tung113 sed21 gai33 so31 shi113,,
DM203K2001_073.wav,喀的一聲我就知道抽屜打開來了,卡一聲𠊎知拖箱打開來了,ka31 rhid21 shang33 ngai113 di33 to33 siong33 da31 koi33 loi113 le33,,
DM203K2001_074.wav,好運了這下有糖果可以吃了,好空哩*喲這下有糖好食了哪,ho31 kung33 li33 * io33 lio33 lia31 ha53 rhiu33 tong113 ho31 shid54 le33 na33,,
DM203K2001_075.wav,一眨眼奶奶就拿出大大小小的零錢和好幾張鈔票,一𥍉目阿奶手項斯揢有銀角同幾張銀票了,rhid21 ngiab21 mug21 a33 ne31 shiu31 hong33 sii33 kag54 rhiu33 ngiun113 gog21 tung113 gi31 zhong33 ngiun113 piau53 le33,,
DM203K2001_076.wav,又聽到喀一聲就知道抽屜鎖好了,又聽著卡一聲斯知拖箱又鎖好了,rhiu53 ten33 do31 ka31 rhid21 shang33 sii33 di33 to33 siong35 rhiu53 so31 ho31 le33,,
DM203K2001_077.wav,奶奶把鑰匙繫回褲腰上衣角拉好,阿奶同鎖匙結倒轉去褲頭衫腳揪好勢,a33 ne31 tung113 so31 shi113 gied21 do53 zhon31 ki53 ku53 teu113 sam33 giog21 kiu31 ho31 she53,,
DM203K2001_078.wav,牽著我的手一起來到大晒穀場找老闆買雜貨,牽核吾个手共下到大禾埕來尋頭家買雜細,kien33 hed54 nga33 gai33 shiu31 kiung53 ha53 do53 tai53 vo113 chang113 loi113 cim113 teu113 ga33 mai33 cab54 se53,,
DM203K2001_079.wav,大晒穀場非常熱鬧伯祖母養的小黃狗也來湊鬧熱,大禾埕鬧借借伯婆畜个細黃狗乜來鬥鬧熱,tai53 vo113 chang113 nau53 zia53 zia53 bag21 po113 hiug21 gai33 se53 vong113 gieu31 me53 loi113 deu53 nau53 ngied54,,
DM203K2001_080.wav,老闆看到客人喧鬧吵雜生意很好笑得合不攏嘴,頭家看著恁多人啁啁滾生理恁好笑都嘴合毋密,teu113 ga33 kon53 do31 an31 do33 ngin113 zio53 zio53 gun31 sen33 li33 an31 ho31 siau53 do33 zhoi53 hab54 m113 mi33,,
DM203K2001_081.wav,奶奶在雜貨車裡面翻來翻去,阿奶在雜細車裡肚揙來揙去,a33 ne31 to33 cab54 se53 cha33 di33 du31 bien31 loi113 bien31 ki53,,
DM203K2001_082.wav,翻到一雙粉紅色的拖鞋,揙著一雙粉紅色个拖鞋,bien31 do31 rhid21 sung33 fun31 fung113 sed21 gai33 to33 he113,,
DM203K2001_083.wav,還有一包糖果兩支冰棒然後再買奶奶自己要吃的醃芭樂,還有一包糖兩支冰還過阿奶自家好食个滷朳,han113 rhiu33 rhid21 bau33 tong113 liong31 gi33 ben33 han113 go53 a33 ne31 ci33 ga33 hau53 shid54 gai33 lu33 bad54,,
DM203K2001_084.wav,買到之後祖孫倆高高興興,買著了後兩子阿奶歡歡喜喜,mai33 do31 liau31 heu53 liong31 zii31 a33 ne31 fan33 fan33 hi31 hi31,,
DM203K2001_085.wav,坐在大門前的石階邊吃邊聊天,坐在門碫下緊食緊打嘴鼓,co33 to33 mun113 don53 ha33 gin31 shid54 gin31 da31 zhoi53 gu31,,
DM203K2001_086.wav,我跟奶奶說奶奶很好吃呢,𠊎同阿奶講阿奶當好食呢,ngai113 tung113 a33 ne31 gong31 a33 ne31 dong33 ho31 shid54 ne31,,
DM203K2001_087.wav,奶奶笑著跟我說什麼奶奶好吃是冰棒好吃啦,阿奶笑笑同𠊎講麼个阿奶好食係冰好食啦,a33 ne31 siau53 siau53 tung113 ngai113 gong31 ma31 gai33 a33 ne31 ho31 shid54 he53 ben33 ho31 shid54 la31,,
DM203K2001_088.wav,快快吃冰會溶掉了糖果甜冰棒涼到心裡去,遽遽食冰會溶撇了糖像蜜冰乜透心涼,giag21 giag21 shid54 ben33 voi33 rhung113 ped21 le33 tong113 ciong53 med54 ben33 me33 teu53 sim33 liong113,,
DM203K2001_089.wav,醃芭樂鹹鹹甜甜祖孫倆你一口我一口,滷朳鹹甘鹹甘倆子阿奶你一口𠊎一口,lu33 bad54 ham113 gam33 ham113 gam33 liong31 zii31 a33 ne31 hn113 rhid21 kieu31 ngai113 rhid21 kieu31,,
DM203K2001_090.wav,感覺很幸福很滿足,試著當幸福當滿足,chi53 do31 dong33 hen53 fug21 dong33 man33 ziug21,,
DM203K2001_091.wav,奶奶的鑰匙足足陪我二十寒暑,阿奶个鎖匙搭搭陪𠊎二十寒暑,a33 ne31 gai33 so31 shi113 dab21 dab21 pui113 ngai113 ngi53 shib54 hon113 chu31,,
DM203K2001_092.wav,到現在每次在市場看到醃芭樂,到這下逐擺在市場看著滷朳,do53 lia31 ha53 dag21 bai31 to33 shi53 chong113 kon53 do31 lu33 bad54,,
DM203K2001_093.wav,我就會想到奶奶那支黃銅色的鑰匙,𠊎斯會愐著阿奶該支黃銅色个鎖匙,ngai113 sii33 voi33 men31 do31 a33 ne31 gai53 gi33 vong113 tung113 sed21 gai33 so31 shi113,,
DM203K2001_094.wav,一支小小的鑰匙維繫著祖孫倆的血脈,一支細細个鎖匙結核倆子阿奶个血脈,rhid21 gi33 se53 se53 gai33 so31 shi113 gied21 hed54 liong31 zii31 a33 ne31 gai33 hied21 mag21,,
DM203K2001_095.wav,一支小小的鑰匙維繫著祖孫倆的親情,一支細細个鎖匙串核倆子阿奶个親情,rhid21 gi33 se53 se53 gai33 so31 shi113 chon53 hed54 liong31 zii31 a33 ne31 gai33 cin33 cin113,,
DM203K2001_096.wav,避暑木棉花才剛開過番婆花接續也開得熱熱鬧鬧,避暑木棉花正開過番婆花續核開去鬧榮榮,pid21 chu31 mug21 mien113 fa33 zhang53 koi33 go53 fan33 po113 fa33 sua53 hed54 koi33 ki53 nau53 rhung113 rhung113,,
DM203K2001_097.wav,天氣漸漸轉熱囉這學期的考試總算也結束了,天時漸漸熱哩*喲這學期个考試總算也考煞了,tien33 shi113 ciam53 ciam53 ngied54 li33 *io33 lio33 lia31 hog54 ki113 gai33 kau31 shi53 zung31 son53 rha33 kau31 sod21 le33,,
DM203K2001_098.wav,原本因為考得不理想心裡很鬱悶,原旦因致考來無理想心肝當慍悴,ngien113 tan31 rhin33 zhi53 kau31 loi113 mo113 li33 siong31 sim33 gon33 dong33 vud21 zud21,,
DM203K2001_099.wav,不過一想到馬上就要放暑假,毋過一想著黏時斯係避暑放尞,m113 go53 rhid21 siong31 do31 ngiam113 shi113 sii33 he53 pid21 chu31 biong53 liau53,,
DM203K2001_100.wav,我就把考試的成績都忘得乾乾淨淨了,𠊎斯同考試成績毋記得淨淨了,ngai113 sii33 tung113 kau31 shi53 shin113 zid21 m113 gi53 ded21 ciang53 ciang53 le33,,
DM203K2001_101.wav,高興得都幾乎要飛起來囉,暢都硬硬愛飛起來哩喲,tiong53 do33 ngang53 ngang53 oi53 bui33 ki31 loi113 li33 *o31 lio31,,
DM203K2001_102.wav,因為放暑假我就要回鄉下外公家,因致避暑𠊎斯愛轉莊下外阿公屋家,rhin33 zhi53 pid21 chu31 ngai113 sii33 oi33 zhon31 zong33 ha33 nguai53 a33 gung33 vug21 ka33,,
DM203K2001_103.wav,可以跟外婆撒嬌可以到處玩到處跑了,使得同外阿婆使妮使得拈蛇打𧊅滿園滿哪走了,sii31 ded21 tung113 nguai53 a33 po113 sai33 nai33 sii31 ded21 ngiam33 sha113 da31 guai31 man33 rhen113 man33 ne53 zeu31 le33,,
DM203K2001_104.wav,我是外公外婆在鄉下帶大的小孩,𠊎係外阿公外阿婆在莊下渡大个細人,ngai113 he53 nguai53 a33 gung33 nguai53 a33 po113 to33 zong33 ha33 tu53 tai53 gai33 se53 ngin113,,
DM203K2001_105.wav,每個晚上還要外婆哄我睡覺,逐暗晡還愛外阿婆揞緊睡,dag21 am53 bu33 han113 oi33 nguai53 a33 po113 em33 gin31 shoi53,,
DM203K2001_106.wav,到上學了才被爸媽接到都市居住,到讀書正分爺哀接來都市戴,do53 tug54 shu33 zhang33 bun33 rha113 oi33 ziab21 loi113 du33 shi53 dai53,,
DM203K2001_107.wav,每年七月初兩個老人家就望眼欲穿得希望我回去,逐年七月初兩個老人家斯頭鉤鉤望𠊎轉去,dag21 ngien113 cid21 ngied54 cu33 liong31 gai53 lo31 ngin113 ga33 sii33 teu113 gieu33 gieu33 mong53 ngai113 zhon31 ki53,,
DM203K2001_108.wav,他們早就把我的房間打掃乾淨,厥等早都將吾个間房拚淨俐,gia33 nen35 zo31 do33 ziong33 nga33 gai33 gien33 fong113 biang53 ciang53 li53,,
DM203K2001_109.wav,鹹豬肉紅麴雞也準備好等著,鹹豬肉糟嫲雞也滷便等,ham113 zhu33 ngiug21 zo33 ma113 gie33 rha33 lo53 pien53 den31,,
DM203K2001_110.wav,鄰居們都說我外婆是傻母雞孵鴨蛋,鄰舍講吾外阿婆係戇雞嫲孵鴨卵,lin113 sha53 gong31 nga33 nguai53 a33 po113 he53 ngong53 gie33 ma113 pu53 ab21 lon31,,
DM203K2001_111.wav,她總是笑咪咪的回答,佢總係笑咪咪應講,gi113 zung31 he53 siau53 mi33 mi33 en53 gong31,,
DM203K2001_112.wav,不管外孫還是內孫一樣是我的寶貝孫子啊,不管外孫抑係內孫共樣係吾个寶貝孫啊,bud21 guan31 nguai53 sun33 rha33 he53 nui53 sun33 kiung53 rhong53 he53 nga33 gai33 bo31 bui53 sun33 na33,,
DM203K2001_113.wav,外公住的是四合院屋子旁有一個大水塘,外阿公戴个係伙房屋屋脣有一窟大陂塘,nguai53 a33 gung33 dai53 gai33 he53 fo31 fong113 vug21 vug21 shun113 rhiu33 rhid21 kud21 tai53 bi33 tong113,,
DM203K2001_114.wav,水塘邊搭一間寮養鴨,陂塘脣搭一間寮畜鴨,bi33 tong113 shun113 dab21 rhid21 gien33 liau113 hiug21 ab21,,
DM203K2001_115.wav,水塘裡還有舅舅前兩年放的草魚苗,陂塘肚還有阿舅前兩年放个草魚崽,bi33 tong113 du31 han113 rhiu33 a33 kiu33 cien113 liong31 ngien113 biong53 gai33 co31 ng113 zai33,,
DM203K2001_116.wav,今年大概可以釣草魚了記得去年有一次,今年怕使得釣草魚了記得舊年有一擺,gim33 ngien113 pa53 sii31 ded21 diau53 co31 ng113 le33 gi53 ded21 kiu53 ngien113 rhiu33 rhid21 bai31,,
DM203K2001_117.wav,下過西北雨个夜晚舅舅在客廳看電視,落過西北雨个暗晡頭阿舅在廳下看電視,log54 go53 si33 bed21 rhi31 gai33 am53 bu33 teu113 a33 kiu33 to33 ten33 ha53 kon53 tien53 shi53,,
DM203K2001_118.wav,家裡的狗對著舅舅的交椅下一直吠叫,屋家个狗對緊阿舅个交椅下緊吠,vug21 ka33 gai33 gieu31 dui53 gin31 a33 kiu33 gai33 gau33 rhi31 ha33 gin31 poi53,,
DM203K2001_119.wav,貓的身體也拱得高高咕咕咕的低聲直叫,貓个圍身也拱高高咕咕滾低聲緊噭,ngiau53 gai33 vui113 shin33 rha33 giung31 go33 go33 gu53 gu53 gun31 de33 shang33 gin31 gieu53,,
DM203K2001_120.wav,還以為是狗和貓在那裡吵架罵了兩句也還是一樣吠個不停,緊恅著係狗同貓在該冤家罵兩句了也共樣吠無停,gin31 lau31 do31 he53 gieu31 tung113 ngiau53 to33 gai53 rhen33 ga33 ma53 liong31 gi53 liau31 rha33 kiung53 rhong53 poi53 mo113 tin113,,
DM203K2001_121.wav,我順勢往下看哎呀我的媽,佢順勢看往下阿姆哀哦,gi113 shun53 shi53 kon53 gong33 ha53 a33 me33 oi33 o31,,
DM203K2001_122.wav,一條好大尾的臭青母在交椅下,一尾拗蠻大尾个臭青嫲在交椅下,rhid21 mui33 au33 man113 tai53 mui33 gai33 chiu53 ciang33 ma113 to33 gau33 rhi31 ha33,,
DM203K2001_123.wav,聽到舅舅大聲喊全家人七手八腳鬧個不停,聽著阿舅大嫲聲喊歸屋家人雜手亂拳喊喊滾,ten33 do31 a33 kiu33 tai53 ma113 shang33 hem33 gui33 vug21 ka33 ngin113 cab54 shiu31 lon53 kien113 hem33 hem33 gun31,,
DM203K2001_124.wav,不知要怎麼辦才好還是外公比較機靈,毋知愛仰結煞正好還係外阿公較即靈,m113 di33 oi33 ngiong31 gad21 sad21 zhang33 ho31 han113 he53 nguai53 a33 gung33 ka33 zid21 lin113,,
DM203K2001_125.wav,抓起牆邊的掃把三兩下就把蛇趕走了,挱著壁脣个掃把三兩下斯將蛇哥逐走了,sa33 do31 biag21 shun113 gai33 so53 ba31 sam33 liong31 ha53 sii33 ziong33 sha113 go33 giug21 zeu31 le33,,
DM203K2001_126.wav,到現在才知道最近有看到母鴨孵蛋,這下正知恁久來有看著鴨嫲孵卵,lia31 ha53 zhang33 di33 an31 giu31 loi113 rhiu33 kon53 do31 ab21 ma113 pu53 lon31,,
DM203K2001_127.wav,可是就是沒看到有小鴨孵出來,嗄無看著鴨子孵出來,sa53 mo113 kon53 do31 ab21 zii31 pu53 chud21 loi113,,
DM203K2001_128.wav,只聽到半夜母鴨呱呱叫的聲音,單淨聽著半夜鴨嫲呱呱滾个聲,dan33 ciang53 ten33 do31 ban53 rha53 ab21 ma113 gua53 gua53 gun31 gai33 shang33,,
DM203K2001_129.wav,那條臭青母就是偷卵賊,該尾臭青嫲斯係偷卵賊,gai53 mui33 chiu53 ciang33 ma113 sii33 he53 teu33 lon31 ced54,,
DM203K2001_130.wav,外婆在屋後半山腰種好幾叢綠竹,外阿婆在屋背半山排種幾下蒲綠竹,nguai53 a33 po113 to33 vug21 boi53 ban53 san33 pai113 zhung31 gi31 ha53 pu113 liug54 zhug21,,
DM203K2001_131.wav,曬穀場前的菜園種些菜,禾埕前个菜園種兜菜,vo113 chang113 cien113 gai33 coi53 rhen113 zhung31 deu33 coi53,,
DM203K2001_132.wav,賣竹筍賣菜賺的是她的私房錢,賣竹筍賣菜賺个係厥私伽錢,mai53 zhug21 sun31 mai53 coi53 con53 gai33 he53 gia33 sii33 kia33 cien113,,
DM203K2001_133.wav,我最喜歡跟著她上街去市場賣菜,𠊎盡好跈佢上街路去市場賣菜,ngai113 cin53 hau53 ten113 gi113 shong53 gie33 lu53 ki53 shi53 chong113 mai53 coi53,,
DM203K2001_135.wav,這是我最想念的客家味,這係𠊎盡思念个客家味,lia31 he53 ngai113 cin53 sii33 ngiam53 gai33 kag21 ga33 mui53,,
DM203K2001_136.wav,外婆會偷偷塞些錢給我當零用錢,外阿婆會偷偷㘝兜錢分𠊎做所費,nguai53 a33 po113 voi33 teu33 teu33 ngiab21 deu33 cien113 bun33 ngai113 zo53 so31 fui53,,
DM203K2001_137.wav,我知道這是外婆的血汗錢從播種開始,𠊎知這係外阿婆个辛苦錢對點菜仁起勢,ngai113 di33 lia31 he53 nguai53 a33 po113 gai33 sin33 ku31 cien113 dui53 diam53 coi53 rhin113 ki31 shi53,,
DM203K2001_138.wav,下肥料捉蟲小心翼翼照顧就像對待我一樣,淋肥捉蟲細心細意照顧斯像對𠊎共樣,lim113 pui113 zog21 chung113 se53 sim33 se53 rhi53 zheu53 gu53 sii33 ciong53 dui53 ngai113 kiung53 rhong53,,
DM203K2001_139.wav,暖了怕我熱寒了怕我冷希望我長得好希望我健康強壯,熱驚𠊎燒寒怕𠊎冷望𠊎靚望𠊎大,ngied54 giang33 ngai113 sheu33 hon113 pa53 ngai113 len33 mong53 ngai113 ziang33 mong53 ngai113 tai53,,
DM203K2001_140.wav,這麼多年來這些零用錢我連一塊錢都捨不得用,恁多年來這兜零星錢𠊎一個銀都毋盼得使,an31 do33 ngien113 loi113 lia31 deu33 len113 sen33 cien113 ngai113 rhid21 gai53 ngiun113 do33 m113 pan53 ded21 sii31,,
DM203K2001_141.wav,放暑假是我和外公外婆的期待,避暑係𠊎同外阿公外阿婆个期待,pid21 chu31 he53 ngai113 tung113 nguai53 a33 gung33 nguai53 a33 po113 gai33 ki113 tai53,,
DM203K2001_142.wav,開學前的分離每次都害我們眼睛紅鼻子酸,開學前个分離逐擺害吾等目珠紅鼻公酸,koi33 hog54 cien113 gai33 fun33 li113 dag21 bai31 hoi53 nga33 nen35 mug21 zhu33 fung113 pi53 gung33 son33,,
DM203K2001_143.wav,一年又一年我越長越大他們的頭髮也越來越白,一年過一年𠊎緊來緊大漢厥等个頭那毛嗄緊來緊白,rhid21 ngien113 go53 rhid21 ngien113 ngai113 gin31 loi113 gin31 tai53 hon53 gia33 nen35 gai33 teu113 na113 mo33 sa53 gin31 loi113 gin31 pag54,,
DM203K2001_144.wav,背也越來越駝每天還是工作到天完全暗下來,背囊也越來越瘟日日還係做到兩頭烏,boi53 nong113 rha33 rhed54 loi113 rhed54 vun33 ngid21 ngid21 han113 he53 zo53 do53 liong31 teu113 vu33,,
DM203K2001_145.wav,希望外公外婆身體健壯,希望外阿公外阿婆身體砸磳,hi33 mong53 nguai53 a33 gung33 nguai53 a33 po113 shin33 ti31 zab21 zen53,,
DM203K2001_146.wav,等我長大賺錢給他們當零用錢,等𠊎大漢賺錢分厥等做所費,den31 ngai113 tai53 hon53 con53 cien113 bun33 gia33 nen35 zo53 so31 fui53,,
DM203K2001_147.wav,蝌蚪記得讀二年級那年連續下了好幾星期的雨,光雞𬠖記得讀二年生該年連續漚雨幾下禮拜,gong33 gie33 ngiam53 gi53 ded21 tug54 ngi53 ngien113 sen33 gai53 ngien113 lien113 sua53 eu53 rhi31 gi31 ha53 li33 bai53,,
DM203K2001_148.wav,雨下得人幾乎都要發霉了一直到星期三早上雨才真正停下來,雨落去人硬硬都會生菇咧直直到禮拜三朝晨正斷雨腳,rhi31 log54 ki33 ngin113 ngang53 ngang53 do33 voi33 sang33 gu33 le33 chid54 chid54 do53 li33 bai53 sam33 zheu33 shun113 zhang33 ton33 rhi31 giog21,,
DM203K2001_149.wav,中午放學時還有些許陽光從厚厚的烏雲裡射出來,當晝放學還有日頭花對賁賁个烏雲肚箭出來,dong33 zhiu53 biong53 hog54 han113 rhiu33 ngid21 teu113 fa33 dui53 pun33 pun33 gai33 vu33 rhun113 du31 zien53 chud21 loi113,,
DM203K2001_150.wav,大家都很高興排著隊伍走出校門,大家都當歡喜排列行出校門,tai53 ga33 do33 dong33 fan33 hi31 pai113 lied54 hang113 chud21 gau31 mun113,,
DM203K2001_151.wav,那些穿著雨鞋頑皮的小男生就開始作怪踏起水來玩了,著緊水靴蠻皮个細倈斯起勢作怪涉水搞,zhog21 gin31 shui31 hio33 man113 pi113 gai33 se53 lai53 sii33 ki31 shi53 zog21 guai53 zheb54 shui31 gau31,,
DM203K2001_152.wav,泥漿水噴得旁邊的女同學吱吱叫邊閃邊跳邊跑,泥漿水射去脣項个細妹同學吱吱滾緊閃緊跳緊走,ne113 ziong33 shui31 sha53 ki33 shun113 hong33 gai33 se53 moi53 tung113 hog54 gi33 gi33 gun31 gin31 sham31 gin31 tiau113 gin31 zeu31,,
DM203K2001_153.wav,笑聲斥喝聲罵聲熱鬧滾滾襯托著轉晴的好天氣,笑聲咄聲罵聲鬧借借襯核轉好天个天時,siau53 shang33 dod21 shang33 ma53 shang33 nau53 zia53 zia53 cen53 hed54 zhon31 ho31 tien33 gai33 tien33 shi113,,
DM203K2001_154.wav,大家的心情也像慢慢散開的烏雲越來越開朗,大家个心情也像慢慢散撇个烏雲緊來緊開,tai53 ga33 gai33 sim33 cin113 rha33 ciong53 man53 man53 san53 ped21 gai33 vu33 rhun113 gin31 loi113 gin31 koi33,,
DM203K2001_155.wav,我和弟弟回到家前的楓樹土地公廟旁,𠊎同老弟轉到屋面前个楓樹伯公下,ngai113 tung113 lo31 te33 zhon31 do53 vug21 mien53 cien113 gai33 pung33 shu53 bag21 gung33 ha33,,
DM203K2001_156.wav,看到一群細小的頭大大的黑黑的魚,看著一陣細細隻大頭𢫦烏烏个魚,kon53 do31 rhid21 chin53 se53 se53 zhag21 tai53 teu113 mag54 vu33 vu33 gai33 ng113,,
DM203K2001_157.wav,在路邊下過雨後个小水漥,在路脣落雨過後个細水窟肚,to33 lu53 shun113 log54 rhi31 go53 heu53 gai33 se53 shui31 kud21 du31,,
DM203K2001_158.wav,游來游去好有趣我們蹲著看看得都忘記回家了,泅來泅去當生趣吾等跍緊看看都毋記得好轉,ciu113 loi113 ciu113 ki53 dong33 sen33 ci53 nga33 nen35 gu33 gin31 kon53 kon53 do33 m113 gi53 ded21 ho31 zhon31,,
DM203K2001_159.wav,奶奶等不到我們走出曬穀場大聲喊,阿奶等無吾等行出禾埕大聲咻,a33 ne31 den31 mo113 nga33 nen35 hang113 chud21 vo113 chang113 tai53 shang33 hiu33,,
DM203K2001_160.wav,我們才心不甘情不願的走回家去,吾等正真毋甘願行轉屋家,nga33 nen35 zhang33 zhin33 m113 gam33 ngien53 hang113 zhon31 vug21 ka33,,
DM203L2056_001.wav,把剛開的花這樣子摘光光實在很壞,同正開个花恁泥拗拗撇實在還孤盲,tung113 zhang53 koi33 gai33 fa33 an31 ne113 au31 au31 ped21 shid54 cai53 han113 go33 mo33,,
DM203L2056_002.wav,我的掃把放在這誰給我拿走了,吾掃把放這項麼人同𠊎擎走咧,nga33 so53 ba31 biong53 lia31 hong35 ma31 ngin113 tung113 ngai113 kia113 zeu31 le33,,
DM203L2056_003.wav,過年過節同一祠堂的人會一起來拜祖先,過年過節共葩人會共下來拜祖公,go53 ngien113 go53 zied21 kiung53 pa31 ngin113 voi33 kiung53 ha53 loi113 bai53 zu31 gung33,,
DM203L2056_004.wav,想到要和好朋友分開他心情很不好,想著愛同好朋友分開厥心情當毋好,siong31 do31 oi33 tung113 ho31 pen113 rhiu33 fun33 koi33 gia33 sim33 cin113 dong33 m113 ho31,,
DM203L2056_005.wav,你想要降服這隻獅子恐怕沒那麼容易喔,你想愛降服這隻獅怕無恁快哦,hn113 siong31 oi53 hong113 fug54 lia31 zhag21 sii33 pa53 mo113 an31 kuai53 o31,,
DM203L2056_006.wav,夏天到了螞蟻爬進爬出真討人厭,熱天到咧蟻公爬出爬入還得人惱,ngied54 tien33 do53 le33 ngie53 gung33 pa113 chud21 pa113 ngib54 han113 ded21 ngin113 nau33,,
DM203L2056_007.wav,雖然是同一家人不過每個人的個性不一樣,雖然係共屋人毋過逐儕性體無共款,sui33 rhen113 he53 kiung53 vug21 ngin113 m113 go53 dag21 sa113 sin53 ti31 mo113 kiung53 kuan31,,
DM203L2056_008.wav,廚房瑣事要收拾的地方有很多,灶頭鑊尾愛抺抺摸摸个事有當多,zo53 teu113 vog54 mui33 oi33 mi113 mi113 mo33 mo33 gai33 she53 rhiu33 dong33 do33,,
DM203L2056_009.wav,隔壁的阿明大家都說他很搞怪,隔壁个阿明頭大家都講佢當狡怪,gag21 biag21 gai33 a33 min113 teu113 tai53 ga33 do33 gong31 gi113 dong33 gau31 guai53,,
DM203L2056_010.wav,他的圍裙很久沒洗看起來很髒,厥圍身裙久無洗咧看起來當屙糟,gia33 vui113 shin33 kiun113 giu31 mo113 se31 le33 kon53 ki31 loi113 dong33 o33 zo33,,
DM203L2056_011.wav,他的公司包辦很多事務什麼工作都做,厥个公司包山包海麼个頭路都做,gia33 gai33 gung33 sii33 bau33 san33 bau33 hoi31 ma31 gai33 teu113 lu53 do33 zo53,,
DM203L2056_012.wav,一棵樹的根要扎得深樹才站得穩,一頭樹頭愛探來深樹身正紥得穩,rhid21 teu113 shu53 teu113 oi33 dan33 loi113 chin33 shu53 shin33 zhang33 zad21 ded21 vun31,,發音者的發音
DM203L2056_013.wav,這新出的糖果不知道吃起來味道如何,這新出个糖毋知食起來味瑞仰脣,lia31 sin33 chud21 gai33 tong113 m113 di33 shid54 ki31 loi113 mui53 sui53 ngiong31 shun113,,
DM203L2056_014.wav,如果要進他人的房間要先敲門,若係愛入人个間房愛先𢼛門,na33 he53 oi33 ngib54 ngin113 gai33 gien33 fong113 oi33 sen33 gog54 mun113,,
DM203L2056_015.wav,為了家中大人小孩的吃穿他拼命的賺錢,為著屋家大細个食著佢拚命賺錢,vui53 do31 vug21 ka33 tai53 se53 gai33 shid54 zhog21 gi113 biang53 miang53 con53 cien113,,
DM203L2056_016.wav,如果跟老師坦白說他不會處罰你,若係同先生打白講佢毋會處罰你,na33 he33 tung113 sin33 sen33 da31 pag54 gong31 gi113 m113 voi33 chu31 fad54 hn113,,
DM203L2056_017.wav,弄了一整天還弄不好該怎麼辦才好,搣歸日還搣毋得好愛仰結煞正好,med21 gui33 ngid21 han113 med21 m113 ded21 ho31 oi33 ngiong53 gad21 sad21 zhang33 ho31,,
DM203L2056_018.wav,雜貨店不僅販賣日用雜貨也賣人情味,雜貨店毋單淨賣雜貨也賣人情味,cab54 fo53 diam53 m113 dan33 ciang53 mai53 cab54 fo53 rha33 mai53 ngin113 cin113 mui53,,
DM203L2056_019.wav,下大雨沒帶傘他拼命跑回家,落大雨無帶遮佢盡命走一路轉,log54 tai53 rhi31 mo113 dai53 zha33 gi113 cin53 miang53 zeu31 rhid21 lu53 zhon31,,
DM203L2056_020.wav,大乘佛教中菩薩和羅漢是有差別的,大乘佛教中菩薩同羅漢係有差別个,tai53 shin53 fud54 gau53 zhung33 pu113 sab21 tung113 lo113 hon53 he53 rhiu33 cab21 pied54 gai33,,發音者的發音
DM203L2056_021.wav,客家人料理食物最厲害炒的小炒最好吃,客人煮食一等慶炒个炒肉一等好食,kag21 ngin113 zhu31 shid54 rhid21 den31 kiang53 cau31 gai33 cau31 ngiug21 rhid21 den31 ho31 shid54,,
DM203L2056_022.wav,爺爺奶奶抱孫子祖孫三人都笑容滿面,阿爹阿奶揇孫祖孫三儕都笑連連,a33 da33 a33 ne31 nam31 sun35 zu31 sun33 sam33 sa113 do33 siau53 lien113 lien113,,
DM203L2056_023.wav,有人說臭鼩吱吱叫恐怕有錢進帳了,有人講錢鼠緊叫怕有錢入息哩*喲,rhiu33 ngin113 gong31 cien113 chu31 gin31 gieu53 pa53 rhiu33 cien113 ngib54 sid21 li33*io33 lio33,,
DM203L2056_024.wav,他姊姊剛結婚他還不習慣叫姊夫,厥姊正結婚喊姊丈還喊毋慣嘴,gia33 ze53 zhang33 gied21 fun33 hem33 zi31 chong33 han113 hem33 m113 guan53 zhoi53,,
DM203L2056_025.wav,這星期每天加班感覺脖子僵硬,這禮拜逐日加班感覺頸根硬硬,lia31 li33 bai53 dag21 ngid21 ga33 ban33 gam31 gog21 giang31 gin33 ngang53 ngang53,,
DM203L2056_026.wav,你這傷口別碰到水不然就會發炎紅腫,若這空口毋好打著水無斯會發紅,ngia33 lia31 kung33 kieu31 m113 ho31 da31 do31 shui31 mo113 sii33 voi33 fad21 fung113,,
DM203L2056_027.wav,飲食不正常早晚身體會出問題,飲食無正常早慢身體會出問題,rhim31 shid54 mo113 zhin53 shong113 zo31 man53 shin33 ti31 voi33 chud21 mun53 ti113,,
DM203L2056_028.wav,時間不會倒退事情過了就算了,時間毋會倒退事情過撇斯算咧,shi113 gien33 m113 voi33 do53 tui53 sii53 cin113 go53 ped21 sii33 son53 le33,,
DM203L2056_029.wav,遇到熟人要打招呼才有禮貌,堵著熟事人愛相借問正有禮貌,du113 do31 shug54 sii53 ngin113 oi33 siong33 zia53 mun53 zhang33 rhiu33 li33 mau53,,
DM203L2056_030.wav,現在的人多半使用手機看新聞比較多,今這下个人大半用手機看新聞較多,gim33 lia31 ha53 gai33 ngin113 tai53 ban53 rhung53 shiu31 gi33 kon53 sin33 vun113 ka33 do33,,
DM203L2056_031.wav,這個人光說不練不可靠,這個人單淨賣嘴花會倚恃毋得,lia31 gai53 ngin113 dan33 ciang53 mai53 zhoi53 fa33 voi53 rhi31 shi53 m113 ded21,,
DM203L2056_032.wav,行李事先收拾好別到時急急忙忙的,包袱先裝便來毋好到時緊拚拚,bau33 fug54 sien33 zong33 pien53 loi113 m113 ho31 do53 shi113 gin31 biang53 biang53,,
DM203L2056_033.wav,爸爸請媒人到阿碌伯他家提親,阿爸請媒人婆去阿碌伯屋家講親,a33 ba33 ciang31 moi113 ngin113 po113 ki53 a33 lug21 bag21 vug21 ka33 gong31 cin33,,
DM203L2056_034.wav,現在醫學那麼發達一定沒問題啦,這下醫學恁發達定著無問題啦,lia31 ha53 rhi33 hog54 an31 fad21 tad54 tin53 chog54 mo113 mun53 ti113 la31,,
DM203L2056_035.wav,要先搓揉粄團才能做菜包和湯圓,愛先亼粄正使得打菜包同惜圓,oi33 sen33 cib54 ban31 zhang33 sii31 ded21 da31 coi53 bau33 tung113 siag21 rhen113,,
DM203L2056_036.wav,這決定沒辦法再變了總而言之就是這樣,這決定無法度過變咧總講斯係恁泥,lia31 gied21 tin53 mo113 fab21 tu53 go53 bien53 le33 zung31 gong31 sii33 he53 an31 ne113,,
DM203L2056_037.wav,就算處境窘困也不可以去偷去搶,準講走無路去乜使毋得去偷去搶,zhun31 gong31 zeu31 mo113 lu53 ki53 me33 sii31 m113 ded21 ki53 teu33 ki53 ciong31,,
DM203L2056_038.wav,雨下那麼大這麼幸運遇到叔叔載你回家,落恁大雨恁好彩堵著阿叔載你轉,log54 an31 tai53 rhi31 an31 ho31 cai31 du113 do31 a33 shug21 zai53 hn113 zhon31,,
DM203L2056_039.wav,頭髮如果黑得發亮留長留短都好看,頭那毛若係烏金留長留短都好看,teu113 na113 mo33 na33 he53 vu33 gim33 liu113 chong113 liu113 don31 do33 ho31 kon53,,
DM203L2056_040.wav,他們兩個合夥要開一間便利商店,佢兩儕鬥股愛開一間便利商店,gi113 liong31 sa113 deu53 gu31 oi33 koi33 rhid21 gien33 pien53 li53 shong33 diam53,,
DM203L2056_041.wav,他躲在門後偵伺著預計要捉小偷,佢囥在門後背䀯核按算愛捉賊,gi113 kong53 to33 mun113 heu53 boi53 pu53 hed54 on53 son53 oi33 zog21 ced54,,
DM203L2056_042.wav,這方案好是好不過還是要考慮一下,這方案好斯好毋過還愛考慮一下,lia31 fong33 on53 ho31 sii33 ho31 m113 go53 han113 oi33 kau31 li53 rhid21 ha53,,
DM203L2056_043.wav,聽到是不用錢的大家爭相去參加,聽著係毋使錢个大家相賽去參加,ten33 do31 he53 m113 sii31 cien113 gai33 tai53 ga33 siong33 coi53 ki33 cam33 ga33,,
DM203L2056_044.wav,上次跌倒受傷的部位還稍微會痛,上擺跌倒傷著个位還略略會疾,shong53 bai31 died21 do31 shong33 do31 gai33 vui53 han113 liog54 liog54 voi33 cid54,,
DM203L2056_045.wav,鹹菜要封好別讓它發出腐臭味,鹹菜愛封好勢來毋好分佢臭風撇去,ham113 coi53 oi33 fung33 ho31 she53 loi113 m113 ho31 bun33 gi113 chiu53 fung33 ped21 ki53,,
DM203L2056_046.wav,經歷千辛萬苦他總算考上法官了,經過千辛萬苦佢總算考著法官咧,gin33 go53 cien33 sin33 van53 ku31 gi113 zung31 son53 kau31 do31 fab21 guan33 le33,,
DM203L2056_047.wav,房子要蓋得好就要花錢請人設計,屋愛起來好斯愛使錢喊人設計,vug21 oi33 ki31 loi113 ho31 sii33 oi33 sii31 cien113 hem33 ngin113 shed21 gie53,,
DM203L2056_048.wav,昨天晚上做夢考到一百分好開心哦,昨暗晡發夢考著一百分還暢哦,ca113 am53 bu33 bud21 mung53 kau31 do31 rhid21 bag21 fun33 han113 tiong53 o33,,
DM203L2056_049.wav,蜜餞是梅子李子桃子等等加糖做出來的,李鹹係梅李桃這兜餞糖做出來个,li31 ham113 he53 mui113 li31 to113 lia31 deu33 zien53 tong113 zo53 chud21 loi113 gai33,,
DM203L2056_050.wav,做什麼事情都一樣從頭好到尾才圓滿,做麼个事情都共樣好頭好尾正圓滿,zo53 ma31 gai33 sii53 cin113 do33 kiung53 rhong53 ho31 teu113 ho31 mui33 zhang33 rhen113 man33,,
DM203L2056_051.wav,白天被胎拿去晒睡覺以前要先裝被子,日時頭被骨拿去晒睡目進前愛先入被,ngid21 shi113 teu113 pi33 gud21 na33 ki33 sai53 shoi53 mug21 zin53 cien113 oi33 sien33 ngib54 pi33,,
DM203L2056_052.wav,下星期要掃墓去墳墓那邊把草除一除,下禮拜愛掛紙去風水該項同草伐伐嚟,ha53 li33 bai53 oi33 gua53 zhi31 ki53 fung33 shui31 gai53 hong33 tung113 co31 pad21 pad21 le113,,
DM203L2056_053.wav,銀樓的金條很吸引人大家看得眼睛發亮不想走,銀樓个金條已餳人大家看去目金金毋想走,ngiun113 leu113 gai33 gim33 tiau113 i53 sia113 ngin113 tai53 ga33 kon53 ki33 mug21 gim33 gim33 m113 siong31 zeu31,,
DM203L2056_054.wav,這陣子一直下大雨造成很多山坡地層滑動很危險,這站緊落大雨造成已多山走山當危險,lia31 cam53 gin31 log54 tai53 rhi31 co53 shin113 i53 do33 san33 zeu31 san33 dong33 ngui113 hiam31,,
DM203L2056_055.wav,老師說他長得很秀氣可惜寫字很潦草,先生講佢生來恁幼秀可惜寫字恁潦草,sin33 sen33 gong31 gi113 sang33 loi113 an31 rhiu53 siu53 ko31 sid21 sia31 sii53 an31 lo31 co31,,
DM203L2056_056.wav,怎麼這麼不像話敢在街上開車開得這麼快,仰脣會恁毋係款敢在街路項駛車駛恁遽,ngiong31 shun113 voi33 an31 m113 he53 kuan31 gam31 to33 gie33 lu53 hong33 sii31 cha33 sii31 an31 giag21,,
DM203L2056_057.wav,媽媽跟姑姑很有話聊親密的像姊妹一樣,阿姆同阿姑已有講親暱暱像姊妹个樣,a33 me33 tung113 a33 gu33 i53 rhiu33 gong31 cin33 nag21 nag21 ciong53 zi31 moi53 gai33 rhong53,,
DM203L2056_058.wav,弟弟跑去房間裡躲著又不出聲害人到處找他,老弟走去間項囥緊又毋出聲害人尋上尋落,lo31 te33 zeu31 ki33 gien33 hong33 kong53 gin31 rhiu53 m113 chud21 shang33 hoi53 ngin113 cim113 shong33 cim113 log54,,
DM203L2056_059.wav,以前人堵水用泥土現在人堵水用水泥,頭擺人斷水用泥現下人斷水用紅毛泥,teu113 bai31 ngin113 don31 shui31 rhung53 ne113 hien53 ha53 ngin113 don31 shui31 rhung53 fung113 mo33 ne113,,
DM203L2056_060.wav,妹妹嫁去臺中的北部兩年了不曾回娘家,老妹嫁去臺中个上背兩年咧毋識轉外家,lo31 moi53 ga53 ki53 toi113 zhung33 gai33 shong53 boi53 liong31 ngien113 le33 m113 shid21 zhon31 nguai53 ga33,,
DM203L2056_061.wav,割一天稻子下來全身刺刺癢癢的趕快去洗澡,割一日禾落來歸身虐削遽遽來去洗身,god21 rhid21 ngid21 vo113 log54 loi113 gui33 shin33 ngiog21 siog21 giag21 giag21 loi113 ki53 se31 shin33,,
DM203L2056_062.wav,這包垃圾要快點拿去丟不然恐怕會長蟲,這包垃圾愛遽遽拿去擲若無驚怕會生蟲,lia31 bau33 la31 sab21 oi33 giag21 giag21 na33 ki33 deb54 na33 mo113 giang33 pa53 voi33 sang33 chung113,,
DM203L2056_063.wav,現在的學生從上小學開始就要學英文,這下个學生對讀小學起勢都愛學英文,lia31 ha53 gai33 hog54 sang33 dui53 tug54 siau31 hog54 ki31 shi53 do33 oi33 hog54 rhin33 vun113,,
DM203L2056_064.wav,這工程進度這麼慢老闆指示期限內要改善,這工程進度恁慢頭家指示期限內愛改善,lia31 gung33 chang113 zin53 tu53 an31 man53 teu113 ga33 zhi31 shi53 ki113 han53 nui53 oi33 goi31 shen53,,
DM203L2056_065.wav,戲臺上的花旦一直跟戲臺下看戲的人拋媚眼,戲棚頂个阿旦緊同棚下看戲个人打眼拐,hi53 pang113 den31 gai33 a33 dan53 gin31 tung113 pang113 ha33 kon53 hi53 gai33 ngin113 da31 ngien31 guai31,,
DM203L2056_066.wav,他做錯事情靜靜被罵完全不敢回話,佢做毋著事情恬恬分人罵做下毋敢應話,gi113 zo53 m113 chog54 sii53 cin113 diam33 diam33 bun33 ngin113 ma53 zo53 ha53 m113 gam31 en53 fa53,,
DM203L2056_067.wav,他四點就到棒球場離比賽開始還早得很,佢四點斯到棒球場離比賽開始還早哪,gi113 si53 diam31 sii33 do53 bong53 kiu113 chong113 li113 bi31 sai53 koi33 chi31 han113 zo31 na33,,
DM203L2056_068.wav,我是跟你說真的不要以為是在開玩笑的,𠊎斯同你講正經个毋好恅著係講笑个,ngai113 sii33 tung113 hn113 gong31 zhin53 gin33 gai33 m113 ho31 lau31 do31 he53 gong31 siau53 gai33,,
DM203L2056_069.wav,他瘦巴巴的下臂這麼細一捏就會斷掉的樣子,佢瘦夾夾手脛恁幼一撚斯會斷撇个樣,gi113 ceu53 giab54 giab54 shiu31 guang31 an31 rhiu53 rhid21 ngien31 sii33 voi33 ton33 ped21 gai33 rhong53,,
DM203L2056_070.wav,晒穀場在晒穀若是有看到小石頭就順便撿出來丟掉,禾埕項晒穀係有看著細石頭斯順續拈撇去,vo113 chang113 hong33 sai53 gug21 he53 rhiu33 kon53 do31 se53 shag54 teu113 sii33 sun53 sua53 ngiam33 ped21 ki33,,
DM203L2056_071.wav,割草的時候要小心點才不會被鐮刀割傷,割草个時節愛細義兜正毋會分禾鐮割著,god21 co31 gai33 shi113 zied21 oi33 se53 ngi53 deu33 zhang33 m113 voi33 bun33 vo113 liam113 god21 do31,,
DM203L2056_072.wav,妹妹苦苦哀求拜託媽媽讓她養毛毛蟲,老妹求求乞乞拜託阿姆分佢畜㸐毛蟲,lo31 moi53 kiu113 kiu113 kied21 kied21 bai53 tog21 a33 me33 bun33 gi113 hiug21 nad21 mo33 chung113,,
DM203L2056_073.wav,中午的便當放在電鍋裡到現在還溫溫的,當晝个飯包放在電鑊肚到今還溫燒溫燒,dong33 zhiu53 gai33 pon53 bau33 biong53 to33 tien53 vog54 du31 do53 gim33 han113 vun33 sheu33 vun33 sheu33,,
DM203L2056_074.wav,養小孩不可以太寵若溺愛過度就難矯正了,畜細人毋好忒縱係縱過頭斯拗毋轉咧,hiug21 se53 ngin113 m113 ho31 ted21 ziung31 he53 ziung31 go53 teu113 sii33 au31 m113 zhon31 le33,,
DM203L2056_075.wav,別對父母這麼凶小孩子看了可是會有樣學樣,毋好對爺哀恁惡細人看著斯會有樣跈樣,m113 ho31 dui53 rha113 oi33 an31 og21 se53 ngin113 kon53 do31 sii33 voi33 rhiu33 rhong53 ten113 rhong53,,
DM203L2056_076.wav,他習慣穿長褲小腿長期沒有晒太陽非常白皙,佢慣勢著長褲腳脛長期無晒日頭白雪雪,gi113 guan53 she53 zhog21 chong113 ku53 giog21 guang31 chong113 ki113 mo113 sai53 ngid21 teu113 pag54 sied21 sied21,,
DM203L2056_077.wav,住在那個地方自由安樂過日子像天堂一樣,戴在該個所在自由安樂過日像天堂个樣,dai53 to33 gai53 gai53 so31 cai53 cii53 rhiu113 on33 log54 go53 ngid21 ciong53 tien33 tong113 gai33 rhong53,,
DM203L2056_078.wav,伯母長得很福態看起來很好命的樣子,阿伯姆生來福相福相看䟘來已好命个樣,a33 bag21 me33 sang33 loi113 fug21 siong53 fug21 siong53 kon53 hong53 loi113 i53 ho31 miang53 gai33 rhong53,,
DM203L2056_079.wav,廟會的時候戲臺旁會有人賣糖葫蘆,做鬧熱个時節戲棚脣會有人賣鳥梨糖,zo53 nau53 ngied54 gai33 shi113 zied21 hi53 pang113 shun113 voi33 rhiu33 ngin113 mai53 diau33 li113 tong113,,
DM203L2056_080.wav,阿財哥星期日買一塊豬肉去看他外婆,阿財哥禮拜日割一料豬肉去看厥外阿婆,a33 cai113 go33 li33 bai53 ngid21 god21 rhid21 liau53 zhu33 ngiug21 ki53 kon53 gia33 nguai53 a33 po113,,
DM203L2056_081.wav,好久不見我們大家都很想你呢,恁久無看著你吾等大家人都真想你呢,an31 giu31 mo113 kon53 do31 hn113 nga33 nen35 tai53 ga33 ngin113 do33 zhin33 siong31 hn113 ne31,,
DM203L2056_082.wav,今年生肖屬豬的犯太歲要記得去安太歲喔,今年肖豬个犯太歲愛記得去安太歲哦,gim33 ngien113 siau53 zhu33 gai33 fam53 tai53 sui53 oi33 gi53 ded21 ki53 on33 tai53 sui53 o33,,
DM203L2056_083.wav,現在人大多坐車出門玩很少遠足看風景了,這下人大體坐車出門尞當少遶尞看光景咧,lia31 ha53 ngin113 tai53 ti31 co33 cha33 chud21 mun113 liau53 dong33 sheu31 lau33 liau53 kon53 gong33 gin31 le33,,
DM203L2056_084.wav,需要的東西都已齊備人員到來就可以開工,愛用个東西全部便便人員一到斯使得開工,oi33 rhung53 gai33 dung33 si33 cion113 pu53 pien53 pien53 ngin113 rhen113 rhid21 do53 sii33 sii31 ded21 koi33 gung33,,
DM203L2056_085.wav,坐捷運的時候很多人都會低頭滑手機,坐捷運个時節當多人都會低頭畫手機,co33 ciab54 rhun53 gai33 shi113 zied21 dong33 do33 ngin113 do33 voi33 de33 teu113 vag53 shiu31 gi33,,畫應該讀vag53
DM203L2056_086.wav,臺灣三百一十九個鄉鎮個個都有它的特色,臺灣三百一十九個鄉鎮各各都有厥特色,toi113 van113 sam33 bag21 rhid21 shib54 giu31 gai53 hiong33 zhin31 gog21 gog21 do33 rhiu33 gia33 tid54 sed21,,
DM203L2056_087.wav,那隻狗剛洗過身子又在地上打滾滾得髒兮兮,該狗正洗好身又碾地泥碾都屙屙糟糟,gai53 gieu31 zhang53 se31 ho31 shin33 rhiu53 zan53 ti53 ne113 zan53 do33 o33 o33 zo33 zo33,,
DM203L2056_088.wav,讀書要趁年輕不然記憶力會漸漸衰退,讀書愛趕後生若無記才會越來越退步,tug54 shu33 oi33 guan31 heu53 sang33 na33 mo113 gi53 cai113 voi33 rhed54 loi113 rhed54 tui53 pu53,,
DM203L2056_089.wav,沒腦袋是嗎這麼簡單的事情你到現在還看不清,無腦屎係無恁簡單个事你到今還看毋真,mo113 no31 shi31 he53 mo113 an31 gien31 dan33 gai33 sii53 hn113 do53 gim33 han113 kon53 m113 zhin33,,
DM203L2056_090.wav,他爸爸有很多兄弟所以他有很多堂兄弟,厥爸有已多兄弟因致佢有當多叔伯兄弟,gia33 ba33 rhiu33 i53 do33 hiung33 ti53 rhin33 zhi53 gi113 rhiu33 dong33 do33 shug21 bag21 hiung33 ti53,,
DM203L2056_091.wav,小孩子羊癲瘋發作眼睛往上吊要趕快送醫院,細人起豬嫲癲目吊吊愛遽遽送去醫院,se53 ngin113 ki31 zhu33 ma113 dien33 mug21 diau53 diau53 oi33 giag21 giag21 sung53 ki33 rhi33 rhen53,,
DM203L2056_092.wav,妹妹早上起床還沒洗臉眼屎很多,老妹朝脣䟘床吂洗面目屎當多,lo31 moi53 zheu33 shun113 hong53 cong113 mang113 se31 mien53 mug21 shi31 dong33 do33,,
DM203L2056_093.wav,以往醫學不太發達想要長壽並不容易,往時醫學無恁發達想愛壽年高無恁該,vong33 shi113 rhi33 hog54 mo113 an31 fad21 tad54 siong31 oi33 shiu53 ngien113 go33 mo113 an31 goi33,,
DM203L2056_094.wav,他有長短腳所以一隻鞋要做成較為厚底的,佢有長短腳因致一隻鞋愛做較賁底个,gi113 rhiu33 chong113 don31 giog21 rhin33 zhi53 rhid21 zhag21 he113 oi33 zo53 ka33 pun33 de31 gai33,,
DM203L2056_095.wav,伯父剛出院身體還很孱弱別去做粗重的工作,阿伯正出院身體還弱弱毋好去做粗事,a33 bag21 zhang53 chud21 rhen53 shin33 ti31 han113 ngiog54 ngiog54 m113 ho31 ki33 zo53 cu33 she53,,
DM203L2056_096.wav,這些狡詐的人有吃就跑第一要做事就溜光光,這兜奸雄食斯走第一做事斯瀉淨淨,lia31 deu33 gien33 hiung113 shid54 sii33 zeu31 ti53 rhid21 zo53 she53 sii33 sia53 ciang53 ciang53,,
DM203L2056_097.wav,他含著糖果一直說話口水一直噴真沒衛生,佢含緊糖緊講話口涎水緊噴還無衛生哦,gi113 hem113 gin31 tong113 gin31 gong31 fa53 heu31 lan33 shui31 gin31 pun53 han113 mo113 vui31 sen33 o31,,
DM203L2056_098.wav,小嬰兒哇哇哭又不想喝奶可能是尿布溼了,細嬰兒哇哇滾又毋想食乳怕係尿裙溼咧,se53 o113 nga35 va53 va53 gun31 rhiu53 m113 siong31 shid54 nen53 pa53 he53 ngiau53 kiun113 shib21 le33,,
DM203L2056_099.wav,肉類一下吃太多可能會胃腸消化不好,肉氣一下食忒多可能會胃腸消化毋好,ngiug21 ki53 rhid21 ha53 shid54 ted21 do33 ko31 nen113 voi33 vui53 chong113 siau33 fa53 m113 ho31,,發音者chong113腸發錯音
DM203L2056_100.wav,你提出的要求太多無法全部答應你,你提出个要求忒多無法度全部答應你,hn113 ti113 chud21 gai33 rheu33 kiu113 ted21 do33 mo113 fab21 tu53 cion113 pu53 dab21 rhin53 hn113,,
DM203L2056_101.wav,顧店的人頭低低專注玩手機連客人進門都沒發現,掌店个人頭磬磬搞手機連人客入門都毋知,zhong31 diam53 gai33 ngin113 teu113 cin53 cin53 gau31 shiu31 gi33 lien113 ngin113 kag21 ngib54 mun113 do33 m113 di33,,發音者cin53cin53讀音錯，應該讀cin31cin31
DM203L2056_102.wav,下午才工作的人比較少車班次就減少了,下晝頭正做事个人較少車枋斯放冗咧,ha33 zhiu53 teu113 zhang33 zo53 she53 gai33 ngin113 ka33 sheu31 cha33 biong33 sii33 biong53 ngiung53 le33,,
DM203L2056_103.wav,做任何事都要從開始考慮到結束瞻前顧後才妥當,做麼个事情都愛愐頭愐尾觀前顧後正妥當,zo53 ma31 gai33 sii53 cin113 do33 oi33 men31 teu113 men31 mui33 guan33 cien113 gu53 heu53 zhang33 to53 dong53,,
DM203L2056_104.wav,夫妻倆同心協力創造幸福美滿的家庭,兩公姐同心協力創造幸福美滿个家庭,liong31 gung33 zia31 tung113 sim33 hiab54 lid54 cong31 co53 hen53 fug21 mui33 man33 gai33 ga33 tin113,,
DM203L2056_105.wav,傷到血管血流如注要趕快止血比較要緊,傷著血筋血流血汀愛遽遽斷血較要緊,shong33 do31 hied21 gin33 hied21 liu113 hied21 din53 oi33 giag21 giag21 don31 hied21 ka33 rheu53 gin31,,
DM203L2056_106.wav,小吃店生意不好老闆坐在門口打蒼蠅,點心店生理當㜮頭家坐在門口打烏蠅,diam31 sim33 diam53 sen33 li33 dong33 nam33 teu113 ga33 co33 to33 mun113 heu31 da31 vu33 rhin113,,
DM203L2056_107.wav,他跨柵欄不小心撞到陰部痛得受不了,佢𨃰柵欄毋堵好嗄頓著下身疾都佇毋著,gi113 kiam53 cag54 lan113 m113 du31 ho31 sa53 dun53 do31 ha33 shin33 cid54 do33 du53 m113 diau113,,
DM203L2056_108.wav,草結先送進爐灶裡等火比較大些竹筒再放進去,草結先窿入去等火較猛兜竹笐正窿入去,co31 gied21 sen33 lung33 ngib54 ki33 den31 fo31 ka33 mang31 deu35 zhug21 gong113 zhang33 lung33 ngib54 ki33,,
DM203L2056_109.wav,這些紙箱沒疊好請你幫我弄好,這兜紙箱無疊好請你同𠊎裝好勢來,lia31 deu33 zhi31 siong33 mo113 tiab54 ho31 ciang31 hn113 tung113 ngai113 zong33 ho31 she53 loi113,,
DM203L2056_110.wav,他從小在外國住所以不會說家鄉的話,佢從細在外國戴所以毋曉講家鄉个話語,gi113 ciung113 se53 to33 nguai53 guad21 dai53 so31 rhi113 m113 hiau31 gong31 ga33 hiong33 gai33 fa53 ngi33,,
DM203L2056_111.wav,去發展比較落後的國家要注意安全和衛生,去發展較落後个國家愛注意安全同衛生,ki53 fad21 zhen31 ka33 log54 heu53 gai33 guad21 ga33 oi33 zhu53 rhi53 on33 cion113 tung113 vui31 sen33,,
DM203L2056_112.wav,大白天你還在那裡睡覺不必工作是不是,青天白日你還在該睡毋使做事係毋係,ciang33 tien33 pag54 ngid21 hn113 han113 to33 gai53 shoi53 m113 sii31 zo53 she53 he53 m113 he53,,
DM203L2056_113.wav,他去當鋪當金飾不知何時才有錢贖回來,佢去當店當金毋知哪時正有錢贖轉來,gi113 ki53 dong53 diam53 dong53 gim33 m113 di33 ne53 shi113 zhang33 rhiu33 cien113 siug54 zhon31 loi113,,"siug54
贖沒有錯"
DM203L2056_114.wav,聽說他奶奶感冒很嚴重恐怕是肺炎啊,聽講厥奶寒著當傷重驚怕係肺炎正得,ten33 gong31 gia33 ne31 hon113 do31 dong33 shong33 diong53 giang33 pa53 he53 fui53 rham113 zhang33 ded21,,
DM203L2056_115.wav,我每個月的開支不多這些錢很夠用了,𠊎逐個月个所費無已多這兜錢罅用咧,ngai113 dag21 gai53 ngied54 gai33 so31 fui53 mo113 i53 do33 lia31 deu33 cien113 la53 rhung53 le33,,
DM203L2056_116.wav,伯母有腳疾過幾天要手術置換膝關節,阿伯姆腳毋好加兩日愛手術換膝頭腕,a33 bag21 me33 giog21 m113 ho31 ga33 liong31 ngid21 oi33 shiu31 sud54 van53 cid21 teu113 van31,,
DM203L2056_117.wav,堆了整間拉拉雜雜的東西要找一雙鞋都難,堆都歸間拉拉雜雜个東西愛尋一雙鞋都難,doi33 do33 gui33 gien33 lab54 lab54 cab54 cab54 gai33 dung33 si33 oi33 cim113 rhid21 sung33 he113 do33 nan113,,
DM203L2056_118.wav,鬼針草繁殖力很強長得到處都是清除不了,蝦公腳盡賤生去滿哪都係除毋會淨,ha113 gung33 giog21 cin53 cien53 sang33 ki33 man33 ne53 do33 he53 chu113 m113 voi33 ciang53,,
DM203L2056_119.wav,舅舅種的芒果每粒都一斤左右又甜水分又多,阿舅種个檨逐粒都成斤重又甜又多汁,a33 kiu33 zhung53 gai33 son35 dag21 liab54 do33 shang113 gin33 chung33 rhiu53 tiam113 rhiu53 do33 zhib21,,
DM203L2056_120.wav,他喝醉了說話顛三倒四聽都聽不懂,佢食酒醉咧講話顛顛倒倒聽都毋識,gi113 shid54 ziu31 zui53 le33 gong31 fa53 dien33 dien33 do53 do53 ten33 do33 m113 shid21,,
DM203L2056_121.wav,現在用機器刻印章比較多手工刻的比較少了,這下刻印用機器較多手工刻个較少咧,lia31 ha53 kad21 rhin53 rhung53 gi33 ki53 ka33 do33 shiu31 gung33 kad21 gai33 ka33 sheu31 le33,,
DM203L2056_122.wav,農曆七月時很多寺廟會舉辦普渡活動,舊曆七月該下已多寺廟會辦普渡活動,kiu53 led54 cid21 ngied54 gai53 ha53 i53 do33 shi53 miau53 voi33 pan53 pu33 tu53 fad54 tung53,,
DM203L2056_123.wav,這奶粉要攪拌均勻才可以別讓它結成塊,這牛乳粉愛摝勻正使得毋好分佢結矻,lia31 ngiu113 nen53 fun31 oi33 lug21 rhun113 zhang33 sii31 ded21 m113 ho31 bun33 gi113 gied21 kid54,,
DM203L2056_124.wav,白費他以前對你那麼好你怎麼反而恩將仇報,無採佢頭擺對你恁好你仰顛倒恩將仇報,mo113 cai31 gi113 teu113 bai31 dui53 hn113 an31 ho31 hn113 ngiong31 dien33 do53 en33 ziong33 shu113 bo53,,
DM203L2056_125.wav,東西不要隨便放在通道上會阻礙到人家喔,東西毋好儘採抨在巷路項會礙著人哦,dung33 si33 m113 ho31 cin31 cai31 biang33 to33 hong53 lu53 hong33 voi33 ngoi53 do31 ngin113 o33,,
DM203L2056_126.wav,你的個性這樣孤僻無法與人共事難怪要常常換工作,若個性恁孤老合人毋得難怪愛輒輒換頭路,ngia33 go53 sin53 an31 gu33 lo31 gab21 ngin113 m113 ded21 nan113 guai53 oi33 ziab54 ziab54 van53 teu113 lu53,,
DM203L2056_127.wav,這種功夫也敢在那裡出風頭真是不知道丟臉,這款手路也敢在該展風神實在毋知見笑,lia31 kuan31 shiu31 lu53 rha33 gam31 to33 gai53 dien31 fung33 shin113 shid54 cai53 m113 di33 gien53 siau53,,
DM203L2056_128.wav,那風景你一定要親眼見過才會知道有多漂亮,該風景你定著愛親目看過正會知有幾靚,gai53 fung33 gin31 hn113 tin53 chog54 oi33 cin33 mug21 kon53 go53 zhang33 voi33 di33 rhiu33 gi31 ziang33,,
DM203L2056_129.wav,有事用說的就好別這樣動手動腳的很難看,有事情用講个斯好莫恁泥動手動腳歪看相,rhiu33 sii53 cin113 rhung53 gong31 gai33 sii33 ho31 mog54 an31 ne113 tung33 shiu31 tung33 giog21 vai33 kon53 siong53,,
DM203L2056_130.wav,你兒子日以繼夜念書考上公務人員也值得啦,若倈透日透夜讀書考著公務人員乜值啦,ngia33 lai53 teu53 ngid21 teu53 rha53 tug54 shu33 kau31 do31 gung33 mu53 ngin113 rhen113 me33 chid54 la31,,
DM203L2056_131.wav,跟他說沒兩句話他就掉頭跑掉不知道在氣什麼,同佢講無兩句話佢斡頭斯走毋知在譴麼个,tung113 gi113 gong31 mo113 liong31 gi53 fa53 gi113 vad21 teu113 sii33 zeu31 m113 di33 to33 kien31 ma31 gai33,,
DM203L2056_132.wav,炊發糕碗粿會用到在來米軟硬才比較剛好,打發粄碗粄會用著秥米軟硬正較堵好,da31 fad21 ban31 van31 ban31 voi33 rhung53 do31 zham33 mi31 ngion33 ngang53 zhang33 ka33 du31 ho31,,
DM203L2056_133.wav,一到冬天媽媽就會用陶缽燉雞給我們吃,一到寒天阿姆斯會用泥缽燉雞分吾等食,rhid21 do53 hon113 tien33 a33 me33 sii33 voi33 rhung53 ne113 bad21 dun53 gie33 bun33 nga33 nen35 shid54,,發音者的發音
DM203L2056_134.wav,那是值不了半點錢的東西哪需要這麼計較,該斯堪毋得半角銀个東西仰脣愛恁計較,gai53 sii33 kam33 m113 ded21 ban53 gog21 ngiun113 gai33 dung33 si33 ngiong31 shun113 oi33 an31 gie53 gau53,,
DM203L2056_135.wav,照道理說他練習這麼久了應該很熟才對,照理講佢練習恁久咧應當真熟絡正著,zheu53 li33 gong31 gi113 lien53 sib54 an31 giu31 le33 rhin53 dong33 zhin33 shug54 log54 zhang33 chog54,,
DM203L2056_136.wav,他的力氣很大能夠搬起一大籃高麗菜,厥氣力真大使得搬得贏一大籃高麗菜,gia33 ki53 lid54 zhin33 tai53 sii31 ded21 ban33 ded21 rhang113 rhid21 tai53 lam113 go33 le113 coi53,,
DM203L2056_137.wav,你這塊田都是肥沃的泥土怪不得收成會這麼好,若這坵田總下係肥泥怪得收成會恁好,ngia33 lia31 kiu33 tien113 zung31 ha53 he53 pui113 ne113 guai53 ded21 shiu33 shin113 voi33 an31 ho31,,
DM203L2056_138.wav,家裡有人去世孝子要請人去女主人的娘家報喪,屋家有人過身孝子愛請人去外家報喪,vug21 ka33 rhiu33 ngin113 go53 shin33 hau53 zii31 oi33 ciang31 ngin113 ki53 nguai53 ga33 bo53 song33,,
DM203L2056_139.wav,做生意斤兩要足客人才會經常來買東西,做生理愛秤頭足人客正會輒輒來交關,zo53 sen33 li33 oi33 chin53 teu113 ziug21 ngin113 kag21 zhang33 voi33 ziab54 ziab54 loi113 gau33 guan33,,
DM203L2056_140.wav,狗吃東西的時候不讓其他狗搶食別的狗一來就咬牠,狗食東西个時節猴呷呷別儕一來斯咬佢,gieu31 shid54 dung33 si33 gai33 shi113 zied21 heu113 gab54 gab54 ped54 sa113 rhid21 loi113 sii33 ngau33 gi113,,
DM203L2056_141.wav,他經年累月在國外做生意只有過年掃墓才會回臺灣,佢透長年在外國做生理單淨過年掛紙正會轉臺灣,gi113 teu53 chong113 ngien113 to33 nguai53 guad21 zo53 sen33 li33 dan33 ciang53 go53 ngien113 gua53 zhi31 zhang33 voi33 zhon31 toi113 van113,,
DM203L2056_142.wav,將半乾的鹹菜用棍子擠入瓶子裡倒著放就會變成福菜,將半燥濕个鹹菜揤入盎肚倒覆放斯會變做覆菜,ziong33 ban53 zau33 shib21 gai33 ham113 coi53 zid21 ngib54 ang35 du31 do53 pug21 biong53 sii33 voi33 bien53 zo53 pug21 coi53,,
DM203L2056_143.wav,背帶不僅僅背小孩子有時候綑綁棉被也會暫時用到,背帶毋單淨背細人成半下綑被骨乜會暫用著,ba113 dai53 m113 dan33 ciang53 ba113 se53 ngin113 shang113 ban53 ha53 kun31 pi33 gud21 me33 voi33 ciam53 rhung53 do31,,
DM203L2056_144.wav,阿玲玩具玩完沒有收拾害她媽媽踩到跌到四腳朝天,阿玲玩具搞撇無收揫害厥姆躪著跌去四腳惹天,a33 lin33 nguan113 ki31 gau31 ped21 mo113 shiu33 ciu33 hoi53 gia33 me33 nang53 do31 died21 ki33 si53 giog21 ngia53 tien33,,
DM203L2056_145.wav,今天莊裡舉辦廟會活動媽媽殺雞殺鴨盛情招待客人,今晡日莊項做鬧熱阿姆㓾雞捋鴨來款待人客,gim33 bi33 ngid21 zong33 hong33 zo53 nau53 ngied54 a33 me33 chi113 gie33 lod54 ab21 loi113 kuan31 tai53 ngin113 kag21,,
DM203L2056_146.wav,這條擦拭布很吸水才剛放下去就把整桌子的水吸得乾乾的,這垤布當嗍水正放落去斯同歸桌个水嗍去燥燥,lia31 de53 bu53 dong33 sog21 shui31 zhang53 biong53 log54 ki53 sii33 tung113 gui33 zog21 gai33 shui31 sog21 ki53 zau33 zau33,,發音者的發音
DM203L2056_147.wav,年夜飯很豐盛有紅燒肉有長年菜還有蘿蔔糕,團圓飯真豐沛有爌肉有長年菜還過有菜頭粄,ton113 rhen113 pon53 zhin33 pong33 pai53 rhiu33 kung53 ngiug21 rhiu33 chong113 ngien113 coi53 han113 go53 rhiu33 coi53 teu113 ban31,,發音者的發音
DM203L2056_148.wav,年關將至家家戶戶要打掃要辦年貨大家都忙得不可開交,年下家家屋屋愛拚掃愛辦年貨大家都無閒濟借,ngien113 ha35 ga33 ga33 vug21 vug21 oi33 biang53 so53 oi33 pan53 ngien113 fo53 tai53 ga33 do33 mo113 han113 zi53 zia53,,
DM203L2056_149.wav,閃電之後馬上就會打雷雷聲大得小孩子都會怕,𥍉爧了後跈緊會響雷公雷公聲大都細人做下會驚,ngiab21 nen53 liau31 heu53 ten113 gin31 voi33 hiong31 lui113 gung33 lui113 gung33 shang33 tai53 do33 se53 ngin113 zo53 ha53 voi33 giang33,,
DM203L2056_150.wav,以前爺爺還在的時候經常用石臼搗麻糬吃,頭擺阿爹還在个時節輒輒用石舂臼舂粢粑食,teu113 bai31 a33 da33 han113 coi33 gai33 shi113 zied21 ziab54 ziab54 rhung53 shag54 zhung33 kiu33 zhung33 ci113 ba33 shid54,,
DM203L2056_151.wav,水龍頭壞了水灑得滿廚房趕快先拿個塞子塞住它,水道頭壞撇水洩都歸灶下遽遽先拿隻塞塞核去,shui31 to53 teu113 fai53 ped21 shui31 sied54 do33 gui33 zo53 ha33 giag21 giag21 sien33 na33 zhag21 ced21 ced21 hed54 ki53,,
DM203L2056_152.wav,你別這樣欺人太甚要不然受到報應會絕子絕孫,你莫恁泥食人夠夠若無受著報應會孤盲絕代,hn113 mog54 an31 ne113 shid54 ngin113 gieu53 gieu53 na33 mo113 shiu53 do31 bo53 rhin53 voi33 go33 mo33 cied54 toi53,,
DM203L2056_153.wav,他擔任業務到處找客戶所以每天穿得衣裝整潔,佢做業務滿哪尋客戶因致逐日著去𪁎頭𪁎頭,gi113 zo53 ngiab54 mu53 man33 ne53 cim113 kag21 fu53 rhin33 zhi53 dag21 ngid21 zhog21 ki33 cio33 teu113 cio33 teu113,,"cio33沒有錯
𪁎"
DM203L2056_154.wav,拔河要聽隊長的指揮大家一起出力拔才會贏,挷索愛聽隊長个指揮大家共下出力挷正會贏,bang33 sog21 oi33 ten33 chui53 zhong31 gai33 zhi31 fui33 tai53 ga33 kiung53 ha53 chud21 lid54 bang33 zhang33 voi33 rhang113,,
DM203L2056_155.wav,還沒有瓦斯的時候大水一過就要去撿漂流木來燒火,吂有瓦斯該下大水一過斯愛去拈大水樵來燒,mang113 rhiu33 nga31 sii33 gai53 ha53 tai53 shui31 rhid21 go53 sii33 oi53 ki33 ngiam33 tai53 shui31 ciau113 loi113 sheu33,,
DM203L2056_156.wav,他中風過後右手不能使力連飯碗都端不起來,佢中風過後右手毋會載力連飯碗都兜毋起來,gi113 zhung53 fung33 go53 heu53 rhiu53 shiu31 m113 voi33 zai53 lid54 lien113 pon53 van31 do33 deu33 m113 ki31 loi113,,
DM203L2056_157.wav,他和人打架被人甩巴掌臉上一片紅紅的巴掌印,佢同人相打分人盪啊去面項一搭紅紅个巴掌印,gi113 tung113 ngin113 siong33 da31 bun33 ngin113 tong53 a33 ki53 mien53 hong33 rhid21 dab54 fung113 fung113 gai33 ba33 zhong31 rhin53,,
DM203L2056_158.wav,阿文搬走很久了現在還約略的知道他長得沒很高,阿文搬走當久咧這下還普普知佢生來無已高,a33 vun113 ban33 zeu31 dong33 giu31 le33 lia31 ha53 han113 pu31 pu31 di33 gi113 sang33 loi113 mo113 i53 go33,,
DM203L2056_159.wav,做這個不是多好的工作一個月賺沒多少錢很難過日子,做這乞食頭路一個月賺無幾多錢當難過日,zo53 lia31 kied21 shid54 teu113 lu53 rhid21 gai53 ngied54 con53 mo113 gid21 do33 cien113 dong33 nan113 go53 ngid21,,
DM203L2056_160.wav,清海嫂聽到女兒即將臨盆了坐立難安趕快跑到醫院去,清海嫂聽著妹快會降咧企坐毋核遽遽逐到醫院去,cin33 hoi31 so31 ten33 do31 moi53 kuai53 voi33 giung53 le33 ki33 co33 m113 hed54 giag21 giag21 giug21 do53 rhi33 rhen53 ki53,,
DM203L2056_161.wav,冬天來了奶奶的膝蓋又會隱隱抽痛痛得無法入睡,寒天來咧阿奶个腳膝頭又會咻咻咻咻疾都睡毋得,hon113 tien33 loi113 le33 a33 ne31 gai33 giog21 cid21 teu113 rhiu53 voi33 siu33 siu113 siu53 siu53 cid54 do33 shoi53 m113 ded21,,四疊字的固定發音模式
DM203L2056_162.wav,整個暑假都跑到海邊沙灘上玩當然晒得全身黑黝黝的,歸個暑假都走去海脣沙埔項搞當然晒都歸身烏金烏金,gui33 gai53 chu31 ga31 do33 zeu31 ki33 hoi31 shun113 sa33 bu33 hong33 gau31 dong33 rhen113 sai53 do33 gui33 shin33 vu33 gim33 vu33 gim33,,
DM203L2056_163.wav,這些菜總共三百零七元拿三百就好零頭不用,這兜菜總共三百空七箍拿三百斯好零頭毋使,lia31 deu33 coi53 zung31 kiung53 sam33 bag21 kung53 cid21 kieu33 na33 sam33 bag21 sii33 ho31 len113 teu113 m113 sii31,,
DM203L2056_164.wav,以前的小孩多聽少言現在的小孩聒噪不休,頭擺个細人有耳無嘴這下个細人吵耳吵鼻,teu113 bai31 gai33 se53 ngin113 rhiu33 ngi31 mo113 zhoi53 lia31 ha53 gai33 se53 ngin113 cau113 ngi31 cau113 pi53,,
DM203L2056_165.wav,現今是工業社會一般人家晨間午前時分大多無人在家,這下係工業社會一般人家半晝上下大半無人在,lia31 ha53 he53 gung33 ngiab54 sha33 fui53 rhid21 ban33 ngin113 ga33 ban53 zhiu53 shong33 ha33 tai53 ban53 mo113 ngin113 coi33,,
DM203L2056_166.wav,老闆跑路要部屬幫他收拾殘局真是有夠丟臉的,頭家走路愛手腳下同佢𢯭捽屎胐正經有罅見笑哪,teu113 ga33 zeu31 lu53 oi33 shiu31 giog21 ha53 tung113 gi113 ten53 cud54 shi53 vud21 zhin53 gin33 rhiu33 la53 gien53 siau53 na31,,
DM203L2056_167.wav,不曾做過的事情先由淺入深去嘗試做看看做到順手再做下去,吂識做過个事先試試看做著順手正做落去,mang113 shid21 zo53 go53 gai33 sii53 sen33 chi53 chi53 kon53 zo53 do31 shun53 shiu31 zhang33 zo53 log54 ki33,,
DM203L2056_168.wav,在臺灣不管要吃合菜還是西餐各種料理都有,在臺灣不管愛食桌菜抑係西餐逐樣料理都有,to33 toi113 van113 bud21 guan31 oi33 shid54 zog21 coi53 rha33 he33 si33 con33 dag21 rhong53 liau53 li33 do33 rhiu33,,
DM203L2056_169.wav,那枝竹竿要用鐵絲纏緊來才不會被風吹倒,該支竹篙愛用鉛線纏緪來正毋會分風吹橫撇,gai53 gi33 zhug21 go33 oi33 rhung53 rhen113 sien53 chen113 hen113 loi113 zhang33 m113 voi33 bun33 fung33 choi33 vang53 ped21,,
DM203L2056_170.wav,背部輕微痠疼如有人幫忙搥背不知該有多棒,背囊小可痠軟若係有人𢯭捶背囊毋知有幾湛,boi53 nong113 siau31 ko31 son33 ngion33 na33 he53 rhiu33 ngin113 ten53 chui113 boi53 nong113 m113 di33 rhiu33 gi31 zam53,,
DM203L2056_171.wav,我是剛進公司的後輩感謝老闆的提拔給我機會,𠊎係正入公司个後撐勞瀝頭家个牽成分𠊎機會,ngai113 he53 zhang53 ngib54 gung33 sii33 gai33 heu53 cang53 lo113 lad54 teu113 ga33 gai33 kien33 shin113 bun33 ngai113 gi33 fui53,,發音者kien33牽shin113成發音錯
DM203L2056_172.wav,大家聚會好好的說了兩句他不愛聽的話他就負氣離開,大家尞核好好講兩句佢毋中意聽个話佢斯掣緊走,tai53 ga33 liau53 hed54 ho31 ho31 gong31 liong31 gi53 gi113 m113 zhung53 rhi53 ten33 gai33 fa53 gi113 sii33 ched21 gin31 zeu31,,
DM203L2056_173.wav,太陽的輻射線會傷害皮膚所以出門要戴帽子和穿長袖,日頭个輻射線會傷害皮膚所以出門愛戴帽同著長袖衫,ngid21 teu113 gai33 fug21 sha53 sien53 voi33 shong33 hoi53 pi113 fu33 so31 rhi113 chud21 mun113 oi33 dai53 mo53 tung113 zhog21 chong113 ciu53 sam33,,
DM203L2056_174.wav,才念幼兒園就學人戴眼鏡是不是看電視看太多了,正讀幼稚園斯學人棚目鏡係毋係看電視看忒多,zhang53 tug54 rhiu53 zhi53 rhen113 sii33 hog54 ngin113 pang113 mug21 giang53 he53 m113 he53 kon53 tien53 shi53 kon53 ted21 do33,,
DM203L2056_175.wav,風雨交加的天氣你還要在外面奔走真的很辛苦,風合雨个天時你還愛在外背走傱實在還辛苦,fung33 gag21 rhi31 gai33 tien33 shi113 hn113 han113 oi33 to33 ngo53 boi53 zeu31 zong113 shid54 cai53 han113 sin33 ku31,,
DM203L2056_176.wav,看你最近有氣無力的沒有半點雄風是不是有哪裡不舒服,看你恁久殗殗無半屑雄頭係毋係有哪爭差,kon53 hn113 an31 giu31 ngiem53 ngiem53 mo113 ban53 sud54 hiung113 teu113 he53 m113 he53 rhiu33 ne53 zang33 ca33,,
DM203L2056_177.wav,你這樣自作聰明做的決定後果就要你自己來承擔,你恁泥假精做个決定後果斯愛你自家來承受,hn113 an31 ne113 ga31 zin33 zo53 gai33 gied21 tin53 heu53 go31 sii33 oi33 hn113 ci33 ga33 loi113 shin113 shiu53,,
DM203L2056_178.wav,科學發達的時代各種物品都使用機器大量生產,科學發達个時代各種物品都用機器大量生產,ko33 hog54 fad21 tad54 gai33 shi113 toi53 gog21 zhung31 vud54 pin31 do33 rhung53 gi33 ki53 tai53 liong53 sen33 san31,,
DM203L2056_179.wav,你現在是要造反是嗎家裡的大事要大家議定才算數,今你愛作反係無屋家个大項事愛大家議定正準算,gim33 hn113 oi33 zog21 fan31 he53 mo113 vug21 ka33 gai33 tai53 hong53 sii53 oi33 tai53 ga33 ngi53 tin53 zhang33 zhun31 son53,,
DM203L2056_180.wav,以前是阿成拜土地公現在他過世了以後換誰去拜,往日係阿成拜伯公今這下佢過身咧下次擺換麼人拜,vong33 ngid21 he53 a33 shin113 bai53 bag21 gung33 gim33 lia31 ha53 gi113 go53 shin33 le33 ha53 ci53 bai31 van53 ma31 ngin113 bai53,,
DM203L2056_181.wav,他打官司眼前看到還挺高興的最終會如何還未可知,佢打官司眼時看著還暢暢盡尾會仰脣還吂知,gi113 da31 guan33 sii33 ngien31 shi113 kon53 do31 han113 tiong53 tiong53 cin53 mui33 voi33 ngiong31 shun113 han113 mang113 di33,,
DM203L2056_182.wav,泥鰍很會鑽眼看抓到了又從指縫溜走了,湖鰍當會鑽看緊捉著咧又對手指罅滑走咧,fu113 ciu33 dong33 voi33 zon53 kon53 gin31 zog21 do31 le33 rhiu53 dui53 shiu31 zhi31 la53 vad54 zeu31 le33,,
DM203L2056_183.wav,阿美跟阿梅兩人年齡相同不過阿美看起來比較年輕,阿美同阿梅兩儕同年毋過阿美看起來較後生,a33 mui33 tung113 a33 mui113 liong31 sa113 tung113 ngien113 m113 go53 a33 mui33 kon53 ki31 loi113 ka33 heu53 sang35,,
DM203L2056_184.wav,他哥哥做水果的批發生意他家裡要吃水果多多少少較方便,厥哥做水果大賣生理厥屋家食水果多多少少有好打幫,gia33 go33 zo53 shui31 go31 tai53 mai53 sen33 li33 gia33 vug21 ka33 shid54 shui31 go31 do33 do33 sheu31 sheu31 rhiu33 ho31 da31 bong33,,
DM203L2056_185.wav,那個敗家子跟他爸爸要錢要不到就要鬧脾氣了,該個流漂子同厥爸討錢討毋著斯愛對人生死咧,gai53 gai53 liu113 piu53 zii31 tung113 gia33 ba33 to31 cien113 to31 m113 do31 sii33 oi33 dui53 ngin113 sang33 si31 le33,,
DM203L2056_186.wav,這大鍋子比較少用把它放上去碗櫥上方如果要用再拿下來,這大鑊較少用同佢上上去碗櫥項係愛用正拿落來,lia31 tai53 vog54 ka33 sheu31 rhung53 tung113 gi113 shong31 shong33 ki33 van31 chu113 hong33 he53 oi33 rhung53 zhang33 na33 log54 loi113,,
DM203L2056_187.wav,吃太快被蛋黃噎得無法呼吸差一點就噎死,食忒遽分卵黃哽著敨氣毋出差一屑斯哽死,shid54 ted21 giag21 bun33 lon31 vong113 gang31 do31 teu31 ki53 m113 chud21 ca33 rhid21 sud54 sii33 gang31 si31,,
DM203L2056_188.wav,從前人住的土磚屋是用泥土夯磚砌牆建起來的,頭擺人戴个泥磚屋係用泥打磚結壁起起來个,teu113 bai31 ngin113 dai53 gai33 ne113 zhon33 vug21 he53 rhung53 ne113 da31 zhon33 gied21 biag21 ki31 ki31 loi113 gai33,,
DM203L2056_189.wav,你如果還在就讀接到徵召入伍的通知單就要去辦理緩召,你若還在讀書收著調兵个通知單斯愛去辦延期徵召,hn113 na33 han113 to33 tug54 shu33 shiu33 do31 diau53 bin33 gai33 tung33 di33 dan33 sii33 oi33 ki33 pan53 rhen113 ki113 zhin33 sheu53,,
DM203L2056_190.wav,他沒有四肢不健全也不會眼盲耳聾應該不會找不到工作,佢無瘸手跛腳也毋會目瞨耳聾應該毋會尋毋著頭路,gi113 mo113 kio113 shiu31 bai113 giog21 rha33 m113 voi33 mug21 pu31 ngi31 lung33 rhin53 goi33 m113 voi33 cim113 m113 do31 teu113 lu53,,
DM203L2056_191.wav,我的嬸嬸快六十歲了還跟著人家去參加鐵人三項比賽,吾叔姆會六十歲咧還跈人去參加鐵人三項比賽,nga33 shug21 me33 voi33 liug21 shib54 se53 le33 han113 ten113 ngin113 ki53 cam33 ga33 tied21 ngin113 sam33 hong53 bi31 sai53,,
DM203L2056_192.wav,你整理的資料大家看不懂跟大家說明一下好嗎,你整理个資料大家看無同大家說明一下好無,hn113 zhin31 li33 gai33 zii33 liau53 tai53 ga33 kon53 mo113 tung113 tai53 ga33 shod21 min113 rhid21 ha53 ho31 mo113,,
DM203L2056_193.wav,春天的時候農人開始耕田白鷺鷥就會跟在後面吃蟲子,春天个時節耕種人一做田白鶴斯會跈在後背來食蟲,chun33 tien33 gai33 shi113 zied21 gang33 zhung53 ngin113 rhid21 zo53 tien113 pag54 kog54 sii33 voi33 ten113 to33 heu53 boi53 loi113 shid54 chung113,,
DM203L2056_194.wav,千錯萬錯都算我錯你沒錯這樣可以嗎,千差萬差都𠊎毋著你無毋著恁泥使得無,cien33 ca33 van53 ca33 do33 ngai113 m113 chog54 hn113 mo113 m113 chog54 an31 ne113 sii31 ded21 mo113,,
DM203L2056_195.wav,腦漿在頭殼裡面是身體當中極重要的部分,腦屎在頭那殼裡肚係人體當中盡重要个部分,no31 shi31 to33 teu113 na113 kog21 di33 du31 he53 ngin113 ti31 dong33 zhung33 cin53 chung53 rheu53 gai33 pu53 fun53,,
DM203L2056_196.wav,大家都在那猜玻璃是誰打破的原來是你打破的,大家都在該揣玻璃係麼人打爛个原來係你打爛个,tai53 ga33 do33 to33 gai53 ton113 bo33 li113 he53 ma31 ngin113 da33 lan53 gai33 ngien113 loi113 he53 hn113 da33 lan53 gai33,,
DM203L2056_197.wav,這事業不知能做否到廟裡抽個籤卜個卦請示一下神明,這事業毋知做得無來去廟項抽籤卜卦請示神明下,lia31 sii53 ngiab54 m113 di33 zo53 ded21 mo113 loi113 ki53 miau53 hong33 chiu33 ciam33 bug21 gua53 ciang31 shi53 shin113 min113 ha53,,
DM203L2056_198.wav,張家伯母手腳俐落不用半個鐘頭就煮好一桌豐盛菜餚,張伯姆好手腳毋使半點鐘斯煮一張桌豐豐沛沛,zhong33 bag21 me33 ho31 shiu31 giog21 m113 sii31 ban53 diam31 zhung33 sii33 zhu31 rhid21 zhong33 zog21 pong33 pong33 pai53 pai53,,
DM203L2056_199.wav,這件事情我沒辦法做主要問主其事的人才比較確定,這件事情𠊎無法度主意愛問主事人正較準,lia31 kien53 sii53 cin113 ngai113 mo113 fab21 tu53 zhu31 rhi53 oi33 mun53 zhu31 sii53 ngin113 zhang33 ka33 zhun31,,
DM203L2056_200.wav,這箱蓮霧擦傷了還好沒爛掉媽媽說要先洗來吃,這箱蓮霧靠著咧該載無綿撇阿姆講愛先洗來食,lia31 siong33 lien53 vu33 ko53 do31 le33 goi33 zai53 mo113 mien113 ped21 a33 me33 gong31 oi33 sen33 se31 loi113 shid54,,
DM203L2056_201.wav,雨下太多造成水災沒半滴雨又形成乾旱日子實在很難過,雨落忒多做大水無半屑雨做天旱實在已難耐,rhi31 log54 ted21 do33 zo53 tai53 shui31 mo113 ban53 sud54 rhi31 zo53 tien33 hon33 shid54 cai53 i53 nan113 nai53,,
DM203L2056_202.wav,那年輕人很粗野在老人家面前也沒大沒小凶巴巴的,該個後生已了少在老人家面前也無大無細惡桀桀,gai53 gai53 heu53 sang33 i53 liau31 sheu53 to33 lo31 ngin113 ga33 mien53 cien113 rha33 mo113 tai53 mo113 se53 og21 kied54 kied54,,
DM203L2056_203.wav,在鄉下如果遇到有爭執的事情村長就會當主持公道的人,在莊下若係堵著有糾紛个事情村長斯會做公親,to33 zong33 ha33 na33 he53 du113 do31 rhiu33 giu53 fun33 gai33 sii53 cin113 cun33 zhong31 sii33 voi33 zo53 gung33 cin33,,
DM203L2056_204.wav,這兩三天趕報告都沒睡眼簾低垂眼睛都張不開,這兩三日趕報告全無睡目垂垂擘目都毋開,lia31 liong31 sam33 ngid21 guan31 bo53 go53 cion113 mo113 shoi53 mug21 sui113 sui113 bag21 mug21 do33 m113 koi33,,
DM203L2056_205.wav,你什麼時候才有空可以來幫外婆的菜園安裝水管呢,你哪下正有閒使得來同外阿婆个菜園𢯭牽水笐,hn113 ne53 ha53 zhang33 rhiu33 han113 sii31 ded21 loi113 tung113 nguai53 a33 po113 gai33 coi53 rhen113 ten53 kien33 shui31 gong113,,
DM203L2056_206.wav,教書的人整天說個不停一個不小心就會失聲,教書个人歸日講無停一下無堵好斯會失聲,gau33 shu33 gai33 ngin113 gui33 ngid21 gong31 mo113 tin113 rhid21 ha53 mo113 du31 ho31 sii33 voi33 shid21 shang33,,
DM203L2056_207.wav,刷牙時牙齦如果會流血可能是牙周病喔,鑪牙齒个時節牙齦肉若會流血可能係牙周病哦,lu53 nga113 chi31 gai33 shi113 zied21 nga113 ngin33 ngiug21 na33 voi33 liu113 hied21 ko31 nen113 he53 nga113 zhiu33 piang53 o33,,
DM203L2056_208.wav,誰叫你那麼不自量力現在把洗衣機弄壞了你難道不用負責,麼人喊你恁假會這下同洗衫機搣壞撇你敢毋使負責,ma31 ngin113 hem33 hn113 an31 ga31 voi53 lia31 ha53 tung113 se31 sam33 gi33 med21 fai53 ped21 hn113 gam31 m113 sii31 fu53 zid21,,
DM203L2056_209.wav,田裡的泥溼軟如果陷進去沒人拉你起來就麻煩了,田項泥濫濫若係漯落去無人拉起來斯麻煩咧,tien113 hong33 ne113 lam53 lam53 na33 he33 lab21 log54 ki33 mo113 ngin113 lai33 ki31 loi113 sii33 ma113 fan113 le33,,
DM203L2056_210.wav,路邊那棵桑樹上結著滿滿的桑葚有紅有黑好美啊,路脣該頭桑垂樹項打淰淰个桑垂有紅有烏還靚哦,lu53 shun113 gai53 teu113 song33 sui113 shu53 hong33 da31 nem33 nem33 gai33 song33 sui113 rhiu33 fung113 rhiu33 vu33 han113 ziang33 ngo113,,
DM203L2056_211.wav,父母的愛心總是把飯減去一部分給孩子怕他們吃不飽,爺哀个愛心總係減飯分子女驚厥等無食飽,rha113 oi33 gai33 oi53 sim33 zung31 he53 gam31 pon53 bun33 zii31 ng31 giang33 gia33 nen35 mo113 shid54 bau31,,
DM203L2056_212.wav,爸爸月初就領薪水媽媽的薪水要到初十才有得領,阿爸月頭斯領月給阿姆个月給愛到初十正有好領,a33 ba33 ngied54 teu113 sii33 liang33 ngied54 gib21 a33 me33 gai33 ngied54 gib21 oi33 do53 cu33 shib54 zhang33 rhiu33 ho31 liang33,,
DM203L2056_213.wav,這件事情很重要要大家商量不要自己擅作主張,這件事情恁大愛大家參詳毋好自家大主大意,lia31 kien53 sii53 cin113 an31 tai53 oi33 tai53 ga33 cam33 siong113 m113 ho31 ci33 ga33 tai53 zhu31 tai53 rhi53,,
DM203L2056_214.wav,以前的布做衣服很不耐穿窮人經年都穿得破破爛爛的,頭擺个布做衫已毋耐著匱人長年透天都著都爛擐爛擐,teu113 bai31 gai33 bu53 zo53 sam33 i53 m113 nai53 zhog21 kuai113 ngin113 chong113 ngien113 teu53 tien33 do33 zhog21 do33 lan53 kuan53 lan53 kuan53,,
DM203L2056_215.wav,海邊風這麼大你又說個不停如果喝到海風回去會失聲,海脣風恁大你又講無停係食著海風轉去會失聲,hoi31 shun113 fung33 an31 tai53 hn113 rhiu53 gong31 mo113 tin113 he53 shid54 do31 hoi31 fung33 zhon31 ki33 voi33 shid21 shang33,,
DM203L2056_216.wav,我們家的客房空著你來住兩晚也沒問題,吾屋家个人客間閒閒你來歇兩暗晡乜無問題,nga33 vug21 ka33 gai33 ngin113 kag21 gien33 han113 han113 hn113 loi113 hied21 liong31 am53 bu33 me33 mo113 mun53 ti113,,
DM203L2056_217.wav,阿義的手關節跌倒時不小心手著地受傷脫臼了真是倒楣,阿義个手目毋堵好參著嗄㪐腕實在還衰喲,a33 ngi53 gai33 shiu31 mug21 m113 du31 ho31 cam33 do31 sa53 lud21 van31 shid54 cai53 han113 soi33 io31,,
DM203L2056_218.wav,熱熱的柏油要用石輪壓過馬路才不會凹凸不平,燒燒个打馬膠愛用石輪輾過大路正毋會礫礫矻矻,sheu33 sheu33 gai33 da53 ma53 gau33 oi33 rhung53 shag54 lien53 ngien33 go53 tai53 lu53 zhang33 m113 voi33 lid54 lid54 kid54 kid54,,
DM203L2056_219.wav,他們兩人說的語言不一樣比手畫腳也可以溝通,佢兩儕講个話無共樣比手畫腳也使得溝通,gi113 liong31 sa113 gong31 gai33 fa53 mo113 kiung53 rhong53 bi31 shiu31 vag54 giog21 rha33 sii31 ded21 gieu33 tung33,,
DM203L2056_220.wav,他昨天打拳不小心扭傷恐怕好幾天不能去了,佢昨晡日打拳毋堵好搵著怕幾下日使毋得去咧,gi113 ca113 bi33 ngid21 da31 kien113 m113 du31 ho31 vud21 do31 pa53 gi31 ha53 ngid21 sii31 m113 ded21 ki53 le33,,
DM203L2056_221.wav,滷蛋不僅可以配飯配麵還可以做便當菜實在很好用,滷卵毋單淨使得傍飯傍麵還使得做飯包菜實在當好用,lo53 lon31 m113 dan33 ciang53 sii31 ded21 bong31 pon53 bong31 mien53 han113 sii31 ded21 zo53 pon53 bau33 coi53 shid54 cai53 dong33 ho31 rhung53,,
DM203L2056_222.wav,經過三次水煮開後水餃浮起來就可以用漏杓撈起來吃了,經過三到滾水後水餃浮起來斯使得用撈揮撈起來食咧,gin33 go53 sam33 do53 gun31 shui31 heu53 shui31 giau31 po113 ki31 loi113 sii33 sii31 ded21 rhung53 leu113 fe35 leu113 ki31 loi113 shid54 le33,,
DM203L2056_223.wav,阿雲伯的孫子剛上小學一年級他每天都去校門口等他放學,阿雲伯个孫正讀小學一年佢逐日都去學校門口等佢放轉,a33 rhun113 bag21 gai33 sun35 zhang53 tug54 siau31 hog54 rhid21 ngien113 gi113 dag21 ngid21 do33 ki53 hog54 gau31 mun113 heu31 den31 gi113 biong53 zhon31,,
DM203L2056_224.wav,看這情況爸爸一定會生氣我們還是走為上策別去惹到他,看這勢面阿爸定著會發譴等還係先走先贏莫去惹著佢,kon53 lia31 shi53 mien53 a33 ba33 tin53 chog54 voi33 fad21 kien31 en33 nen35 han113 he53 sen33 zeu31 sen33 rhang113 mog54 ki33 ngia53 do31 gi113,,
DM203L2056_225.wav,聽說以前他爺爺做土地代書的時候家裡經常有人來送厚禮,聽講頭擺厥爹做土地代書个時節屋家長在有人來送大閹雞,ten33 gong31 teu113 bai31 gia33 da33 zo53 tu31 ti53 toi53 shu33 gai33 shi113 zied21 vug21 ka33 chong113 cai53 rhiu33 ngin113 loi113 sung53 tai53 rham33 gie33,,
DM203L2056_226.wav,奶奶說以前的婦女坐月子像坐牢般哪像現代人這麼自由,阿奶講頭擺个婦人家做月像關囹个樣哪有像這下人恁自由,a33 ne31 gong31 teu113 bai31 gai33 fu53 ngin113 ga33 zo53 ngied54 ciong53 guan33 long35 gai33 rhong53 ne53 rhiu33 ciong53 lia31 ha53 ngin113 an31 cii53 rhiu113,,
DM203L2056_227.wav,阿欽叔很會盤算無論大小事他都會先算計一下看是否合算,阿欽叔已會算無論大小事情佢都會先扚算盤看算得和無,a33 kim33 shug21 i53 voi33 son53 mo113 lun53 tai53 siau31 sii53 cin113 gi113 do33 voi33 sen33 diag54 son53 pan113 kon53 son53 ded21 fo113 mo113,,
DM203L2056_228.wav,從前還有補鍋子的人現在連補衣服補皮鞋的人都很少見到了,頭擺還有補鑊頭个人這下連補衫補皮鞋个人都罕得看著咧,teu113 bai31 han113 rhiu33 bu31 vog54 teu113 gai33 ngin113 lia31 ha53 lien113 bu31 sam33 bu31 pi113 he113 gai33 ngin113 do33 han31 ded21 kon53 do31 le33,,
DM203L2056_229.wav,阿豐叔快五十歲才生得一個么兒他開心得到處去和人說,阿豐叔會五十歲咧正降著一個滿子佢暢去滿哪都去同人講,a33 fung33 shug21 voi33 ng31 shib54 se53 le33 zhang33 giung53 do31 rhid21 gai53 man33 zii31 gi113 tiong53 ki33 man33 ne53 do33 ki53 tung113 ngin113 gong31,,
DM203L2056_230.wav,再十分鐘就要下車了你的車票弄到那裡去了還不快點翻找出來,加十分鐘斯愛落車咧若車票絞到哪去咧還毋較遽兜揙出來,ga33 shib54 fun33 zhung33 sii33 oi33 log54 cha33 le33 ngia33 cha33 piau53 gau31 do53 ne53 hi53 le33 han113 m113 ka33 giag21 deu33 bien31 chud21 loi113,,發音者的發音
DM203M2056_001.wav,小偷我老家在很單純很寧靜的東勢鄉下,賊牯吾老屋在當單純當恬靜个東勢莊下,ced54 gu31 nga33 lo31 vug21 to33 dong33 dan33 shun113 dong33 diam33 cin53 gai33 dung33 shi53 zong33 ha33,,
DM203M2056_002.wav,鄰居們會彼此照應是一個很富人情味的好地方,鄰舍當互相係一個當有人情味个好所在,lin113 sha53 dong33 fu53 siong33 he53 rhid21 gai53 dong33 rhiu33 ngin113 cin113 mui53 gai33 ho31 so31 cai53,,
DM203M2056_003.wav,為了讀書上班比較方便所以我們搬到臺中去住,因致讀書食頭路較方便吾等搬到臺中戴,rhin33 zhi53 tug54 shu33 shid54 teu113 lu53 ka33 fong33 pien53 nga33 nen35 ban33 do53 toi113 zhung33 dai53,,
DM203M2056_004.wav,不過每到放假日,毋過一到放尞日,m113 go53 rhid21 do53 biong53 liau53 ngid21,,
DM203M2056_005.wav,我們姊妹就會互相邀約回老家住上兩六天,吾等姊妹斯會相招共下轉老屋戴六日,nga33 nen35 zi31 moi53 sii33 voi33 siong33 zheu33 kiung53 ha53 zhon31 lo31 vug21 dai53 liug21 ngid21,,
DM203M2056_006.wav,平常時候鄰居也會幫我們看顧房子讓我們很放心,平常時鄰舍也會同吾等𢯭掌屋分吾等當安心,pin113 shong113 shi113 lin113 sha53 rha33 voi33 tung113 nga33 nen35 ten53 zhong31 vug21 bun33 nga33 nen35 dong33 on33 sim33,,
DM203M2056_007.wav,半年前星期六接近中午時我先回到老家,半年前禮拜六臨晝𠊎先轉到老屋,ban53 ngien113 cien113 li33 bai53 liug21 lim113 zhiu53 ngai113 sien33 zhon31 do53 lo31 vug21,,
DM203M2056_008.wav,一下車就覺得怪怪的為什麼上鎖的廳堂大門會留個縫隙,一落車斯試著怪怪仰脣鎖好个廳下門會留一縫,rhid21 log54 cha33 sii33 chi53 do31 guai53 guai53 ngiong31 shun113 so31 ho31 gai33 ten33 ha33 mun113 voi33 liu113 rhid21 pung53,,
DM203M2056_009.wav,靠近一看唉唷喂啊,行偎去看阿姆唉唷,hang113 va31 ki33 kon53 a33 me33 ai33 o31,,
DM203M2056_010.wav,地上有一支很粗很長的螺絲起子和一隻手套,地泥下留有一支當粗當長个撙篦同一隻手落,ti53 ne113 ha33 liu113 rhiu33 rhid21 gi33 dong33 cu33 dong33 chong113 gai33 zun31 bi53 tung113 rhid21 zhag21 shiu31 lab21,,
DM203M2056_011.wav,被撬壞的鎖頭散落一地連門也都被撬壞了,撬壞个鎖頭散都一地泥連門都撬壞撇了,kiau53 fai31 gai33 so31 teu113 san53 do33 rhid21 ti53 ne113 lien113 mun113 do33 kiau53 fai53 ped21 le33,,
DM203M2056_012.wav,我嚇一大跳擔心是有小偷來翻東西,𠊎著驚下驚怕係有賊牯來揙東西,ngai113 chog54 giang33 ha53 giang33 pa53 he53 rhiu33 ced54 gu31 loi113 bien31 dung33 si33,,
DM203M2056_013.wav,也不知道這小偷是不是還躲藏在家裡,也毋知這賊還有囥在屋家肚無,rha33 m113 di33 lia31 ced54 han113 rhiu33 kong53 to33 vug21 ka33 du31 mo113,,
DM203M2056_014.wav,立即先打電話去派出所報案,黏時先打電話去派出所報案,ngiam113 shi113 sien33 da31 tien53 fa53 ki53 pai31 chud21 so31 bo53 on53,,
DM203M2056_015.wav,再催促弟弟趕快回來處理打過電話,過催老弟遽遽轉來處理電話打撇,go53 cui33 lo31 te33 giag21 giag21 zhon31 loi113 chu31 li33 tien53 fa53 da31 ped21,,
DM203M2056_016.wav,才發現自己的手一直發抖心臟像打鼓一樣咚咚得跳很快,正注意著自家个手緊掣心臟像打鼓樣咚咚滾緊跳,zhang33 zhu53 rhi53 do31 ci33 ga33 gai33 shiu31 gin31 ched21 sim33 cong53 ciong53 da31 gu31 rhong53 dung113 dung113 gun31 gin31 tiau113,,
DM203M2056_017.wav,大約過了十分鐘派出所的所長跟里長一起趕過來,過十分鐘左右派出所个巡佐同里長共下趕到位,go53 shib54 fun33 zhung33 zo31 rhiu53 pai53 chud21 so31 gai33 sun113 zo31 tung113 li33 zhong31 kiung53 ha53 guan31 do53 vui53,,
DM203M2056_018.wav,所長戴著手套很小心的打開門先進到屋子裡面巡視一遍,巡佐戴核手落細義打開門先入到屋家肚巡過一遍,sun113 zo31 dai53 hed54 shiu31 lab21 se53 ngi53 da31 koi33 mun113 sien33 ngib54 do53 vug21 ka33 du31 sun113 go53 rhid21 bien53,,
DM203M2056_019.wav,確定小偷不在屋子裡了才讓我們進屋去看看有沒有什麼東西不見了,確定賊無在屋肚正分吾等入去看有打毋見麼个無,kog21 tin53 ced54 mo113 to33 vug21 du31 zhang33 bun33 nga33 nen35 ngib54 ki53 kon53 rhiu33 da31 m113 gien53 ma31 gai33 mo113,,
DM203M2056_020.wav,沒多久鑑識組的人員來採集證據,無幾久鑑識組个人員來採證據,mo113 gid21 giu31 gam53 shid21 zu33 gai33 ngin113 rhen113 loi113 cai31 zhin53 ki31,,
DM203M2056_021.wav,鄰居看到警車停在我家前面也過來關心,鄰舍看著巡查車停在吾屋面前也來關心,lin113 sha53 kon53 do31 sun113 ca113 cha33 tin113 to33 nga33 vug21 mien53 cien113 rha33 loi113 guan33 sim33,,
DM203M2056_022.wav,去派出所做好筆錄里長也拜託所長跟警察要加強巡邏,去派出所做好筆錄里長也拜託巡佐同巡查愛加強巡邏,ki53 pai53 chud21 so31 zo53 ho31 bid21 liug54 li33 zhong31 rha33 bai53 tog21 sun113 zo31 tung113 sun113 ca113 oi33 ga33 kiong113 sun113 lo113,,
DM203M2056_023.wav,讓村莊裡的村民能安全且安心,還分莊項人安全同安心,van113 bun33 zong33 hong33 ngin113 on33 cion113 tung113 on33 sim33,,
DM203M2056_024.wav,不過過了一個月後小偷沒逮到就算了那小偷又來光顧了,毋過一個月過撇無捉著賊無打緊該賊又來了,m113 go53 rhid21 gai53 ngied54 go33 ped21 mo113 zog21 do31 ced54 mo113 da31 gin31 gai53 ced54 rhiu53 loi113 le33,,
DM203M2056_025.wav,把才剛修裡好的門剛新安裝的鎖全部破壞掉,同正整好个門新安个鎖做下撬壞,tung113 zhang53 zhang31 ho31 gai33 mun113 sin33 on33 gai33 so31 zo53 ha53 kiau53 fai53,,
DM203M2056_026.wav,三個星期後小偷又來我們一樣又報案整理修換門鎖,三禮拜後賊又來了吾等共樣又報案整理修換門鎖,sam33 li33 bai53 heu53 ced54 rhiu53 loi113 le33 nga33 nen35 kiung53 rhung53 rhiu53 bo53 on53 zhin31 li33 siu33 van53 mun113 so31,,樣rhong53發音者發音
